word,porter,snowball,lancaster,regexp
said,said,said,said,said
mln,mln,mln,mln,mln
one,one,one,on,one
dlrs,dlr,dlrs,dlrs,dlr
shall,shall,shall,shal,shall
would,would,would,would,would
pct,pct,pct,pct,pct
unto,unto,unto,unto,unto
year,year,year,year,year
lord,lord,lord,lord,lord
cts,ct,cts,cts,cts
net,net,net,net,net
man,man,man,man,man
thou,thou,thou,thou,thou
could,could,could,could,could
two,two,two,two,two
may,may,may,may,may
billion,billion,billion,bil,billion
also,also,also,also,also
god,god,god,god,god
thy,thi,thi,thy,thy
loss,loss,loss,loss,los
company,compani,compani,company,company
last,last,last,last,last
first,first,first,first,first
time,time,time,tim,tim
upon,upon,upon,upon,upon
new,new,new,new,new
like,like,like,lik,lik
made,made,made,mad,mad
thee,thee,thee,the,the
day,day,day,day,day
come,come,come,com,com
shr,shr,shr,shr,shr
little,littl,littl,littl,littl
inc,inc,inc,int,inc
came,came,came,cam,cam
good,good,good,good,good
well,well,well,wel,well
see,see,see,see,see
house,hous,hous,hous,hous
even,even,even,ev,even
people,peopl,peopl,peopl,peopl
know,know,know,know,know
bank,bank,bank,bank,bank
much,much,much,much,much
say,say,say,say,say
must,must,must,must,must
oil,oil,oil,oil,oil
great,great,great,gre,great
make,make,make,mak,mak
three,three,three,three,thre
men,men,men,men,men
every,everi,everi,every,every
corp,corp,corp,corp,corp
share,share,share,shar,shar
world,world,world,world,world
trade,trade,trade,trad,trad
king,king,king,king,k
long,long,long,long,long
let,let,let,let,let
take,take,take,tak,tak
way,way,way,way,way
profit,profit,profit,profit,profit
market,market,market,market,market
might,might,might,might,might
many,mani,mani,many,many
hand,hand,hand,hand,hand
old,old,old,old,old
son,son,son,son,son
went,went,went,went,went
yet,yet,yet,yet,yet
years,year,year,year,year
stock,stock,stock,stock,stock
still,still,still,stil,still
shares,share,share,shar,share
qtr,qtr,qtr,qtr,qtr
israel,israel,israel,israel,israel
children,children,children,childr,children
told,told,told,told,told
never,never,never,nev,never
away,away,away,away,away
end,end,end,end,end
father,father,father,fath,father
group,group,group,group,group
hath,hath,hath,hath,hath
give,give,give,giv,giv
tonnes,tonn,tonn,ton,tonne
per,per,per,per,per
land,land,land,land,land
without,without,without,without,without
another,anoth,anoth,anoth,another
back,back,back,back,back
think,think,think,think,think
things,thing,thing,thing,thing
mrs,mr,mrs,mrs,mrs
life,life,life,lif,lif
place,place,place,plac,plac
sales,sale,sale,sal,sale
put,put,put,put,put
thing,thing,thing,thing,th
revs,rev,rev,rev,rev
set,set,set,set,set
march,march,march,march,march
five,five,five,fiv,fiv
though,though,though,though,though
high,high,high,high,high
prices,price,price,pric,price
government,govern,govern,govern,government
rate,rate,rate,rat,rat
days,day,day,day,day
saying,say,say,say,say
week,week,week,week,week
offer,offer,offer,off,offer
april,april,april,april,april
saw,saw,saw,saw,saw
head,head,head,head,head
name,name,name,nam,nam
price,price,price,pric,pric
ever,ever,ever,ev,ever
among,among,among,among,among
quarter,quarter,quarter,quart,quarter
four,four,four,four,four
right,right,right,right,right
since,sinc,sinc,sint,sinc
nothing,noth,noth,noth,noth
work,work,work,work,work
thought,thought,thought,thought,thought
half,half,half,half,half
japan,japan,japan,jap,japan
part,part,part,part,part
interest,interest,interest,interest,interest
state,state,state,stat,stat
called,call,call,cal,called
found,found,found,found,found
therefore,therefor,therefor,theref,therefor
february,februari,februari,febru,february
heard,heard,heard,heard,heard
earth,earth,earth,ear,earth
however,howev,howev,howev,however
eyes,eye,eye,ey,eye
rose,rose,rose,ros,ros
note,note,note,not,not
night,night,night,night,night
six,six,six,six,six
took,took,took,took,took
today,today,today,today,today
january,januari,januari,janu,january
face,face,face,fac,fac
month,month,month,mon,month
next,next,next,next,next
thus,thu,thus,thu,thu
done,done,done,don,don
money,money,money,money,money
expected,expect,expect,expect,expected
get,get,get,get,get
tax,tax,tax,tax,tax
far,far,far,far,far
heart,heart,heart,heart,heart
rise,rise,rise,ris,ris
dollar,dollar,dollar,doll,dollar
city,citi,citi,city,city
business,busi,busi,busy,busines
exchange,exchang,exchang,exchang,exchang
look,look,look,look,look
shalt,shalt,shalt,shalt,shalt
american,american,american,am,american
agreement,agreement,agreement,agr,agreement
cut,cut,cut,cut,cut
left,left,left,left,left
full,full,full,ful,full
around,around,around,around,around
foreign,foreign,foreign,foreign,foreign
side,side,side,sid,sid
sea,sea,sea,sea,sea
production,product,product,produc,production
given,given,given,giv,given
word,word,word,word,word
brought,brought,brought,brought,brought
common,common,common,common,common
states,state,state,stat,state
international,intern,intern,intern,international
added,ad,ad,ad,added
young,young,young,young,young
total,total,total,tot,total
general,gener,general,gen,general
board,board,board,board,board
better,better,better,bet,better
seen,seen,seen,seen,seen
fell,fell,fell,fel,fell
always,alway,alway,alway,alway
soon,soon,soon,soon,soon
voice,voic,voic,voic,voic
nine,nine,nine,nin,nin
increase,increas,increas,increas,increas
record,record,record,record,record
home,home,home,hom,hom
behold,behold,behold,behold,behold
mother,mother,mother,moth,mother
miss,miss,miss,miss,mis
tell,tell,tell,tel,tell
seemed,seem,seem,seem,seemed
something,someth,someth,someth,someth
ltd,ltd,ltd,ltd,ltd
current,current,current,cur,current
meeting,meet,meet,meet,meet
united,unit,unit,unit,united
rates,rate,rate,rat,rate
round,round,round,round,round
months,month,month,month,month
enough,enough,enough,enough,enough
quite,quit,quit,quit,quit
gave,gave,gave,gav,gav
asked,ask,ask,ask,asked
going,go,go,going,go
fall,fall,fall,fal,fall
president,presid,presid,presid,president
hear,hear,hear,hear,hear
west,west,west,west,west
gold,gold,gold,gold,gold
water,water,water,wat,water
white,white,white,whit,whit
looked,look,look,look,looked
second,second,second,second,second
love,love,love,lov,lov
hands,hand,hand,hand,hand
according,accord,accord,accord,accord
almost,almost,almost,almost,almost
whole,whole,whole,whol,whol
mine,mine,mine,min,min
small,small,small,smal,small
rather,rather,rather,rath,rather
growth,growth,growth,grow,growth
words,word,word,word,word
less,less,less,less,les
together,togeth,togeth,togeth,together
dlr,dlr,dlr,dlr,dlr
within,within,within,within,within
seven,seven,seven,sev,seven
morning,morn,morn,morn,morn
pay,pay,pay,pay,pay
open,open,open,op,open
bring,bring,bring,bring,br
light,light,light,light,light
national,nation,nation,nat,national
says,say,say,say,say
country,countri,countri,country,country
began,began,began,beg,began
use,use,use,us,use
major,major,major,maj,major
neither,neither,neither,neith,neither
official,offici,offici,off,official
present,present,present,pres,present
death,death,death,dea,death
earlier,earlier,earlier,ear,earlier
economic,econom,econom,econom,economic
saith,saith,saith,sai,saith
forth,forth,forth,for,forth
david,david,david,david,david
find,find,find,find,find
whale,whale,whale,whal,whal
used,use,use,us,used
industry,industri,industri,industry,industry
stood,stood,stood,stood,stood
sure,sure,sure,sur,sur
help,help,help,help,help
sons,son,son,son,son
hast,hast,hast,hast,hast
heaven,heaven,heaven,heav,heaven
department,depart,depart,depart,department
exports,export,export,export,export
report,report,report,report,report
stg,stg,stg,stg,stg
strong,strong,strong,strong,strong
law,law,law,law,law
whether,whether,whether,wheth,whether
woman,woman,woman,wom,woman
pass,pass,pass,pass,pas
early,earli,earli,ear,early
cannot,cannot,cannot,cannot,cannot
oper,oper,oper,op,oper
south,south,south,sou,south
fire,fire,fire,fir,fir
keep,keep,keep,keep,keep
room,room,room,room,room
buy,buy,buy,buy,buy
sent,sent,sent,sent,sent
least,least,least,least,least
countries,countri,countri,country,countrie
taken,taken,taken,tak,taken
sir,sir,sir,sir,sir
power,power,power,pow,power
large,larg,larg,larg,larg
war,war,war,war,war
due,due,due,due,due
certain,certain,certain,certain,certain
whose,whose,whose,whos,whos
knew,knew,knew,knew,knew
point,point,point,point,point
lower,lower,lower,low,lower
unit,unit,unit,unit,unit
cried,cri,cri,cri,cried
higher,higher,higher,high,higher
wheat,wheat,wheat,whe,wheat
sale,sale,sale,sal,sal
period,period,period,period,period
speak,speak,speak,speak,speak
mind,mind,mind,mind,mind
number,number,number,numb,number
door,door,door,door,door
poor,poor,poor,poor,poor
body,bodi,bodi,body,body
earnings,earn,earn,earn,earning
short,short,short,short,short
ago,ago,ago,ago,ago
system,system,system,system,system
best,best,best,best,best
federal,feder,feder,fed,federal
export,export,export,export,export
central,central,central,cent,central
turned,turn,turn,turn,turned
avg,avg,avg,avg,avg
want,want,want,want,want
possible,possibl,possibl,poss,possibl
banks,bank,bank,bank,bank
public,public,public,publ,public
shrs,shr,shrs,shrs,shr
agreed,agre,agre,agree,agreed
feet,feet,feet,feet,feet
till,till,till,til,till
moment,moment,moment,mom,moment
near,near,near,near,near
held,held,held,held,held
air,air,air,air,air
jesus,jesu,jesus,jes,jesu
indeed,inde,inde,indee,indeed
thine,thine,thine,thin,thin
dividend,dividend,dividend,dividend,dividend
believe,believ,believ,believ,believ
december,decemb,decemb,decemb,december
already,alreadi,alreadi,already,already
rest,rest,rest,rest,rest
officials,offici,offici,off,official
cash,cash,cash,cash,cash
call,call,call,cal,call
japanese,japanes,japanes,japanes,japanes
got,got,got,got,got
third,third,third,third,third
operations,oper,oper,op,operation
policy,polici,polici,policy,policy
felt,felt,felt,felt,felt
nations,nation,nation,nat,nation
really,realli,realli,real,really
john,john,john,john,john
financial,financi,financi,fin,financial
wife,wife,wife,wif,wif
plan,plan,plan,plan,plan
offering,offer,offer,off,offer
investment,invest,invest,invest,investment
spokesman,spokesman,spokesman,spokesm,spokesman
need,need,need,nee,need
companies,compani,compani,company,companie
hold,hold,hold,hold,hold
perhaps,perhap,perhap,perhap,perhap
compared,compar,compar,comp,compared
making,make,make,mak,mak
course,cours,cours,cours,cours
low,low,low,low,low
sources,sourc,sourc,sourc,source
hope,hope,hope,hop,hop
known,known,known,known,known
ship,ship,ship,ship,ship
products,product,product,produc,product
imports,import,import,import,import
return,return,return,return,return
hundred,hundr,hundr,hundr,hundred
stake,stake,stake,stak,stak
soul,soul,soul,soul,soul
acquisition,acquisit,acquisit,acquisit,acquisition
family,famili,famili,famy,family
spirit,spirit,spirit,spirit,spirit
others,other,other,oth,other
captain,captain,captain,captain,captain
statement,statement,statement,stat,statement
dead,dead,dead,dead,dead
line,line,line,lin,lin
stand,stand,stand,stand,stand
analysts,analyst,analyst,analyst,analyst
several,sever,sever,sev,several
free,free,free,fre,fre
mths,mth,mths,mths,mth
gain,gain,gain,gain,gain
change,chang,chang,chang,chang
program,program,program,program,program
art,art,art,art,art
thereof,thereof,thereof,thereof,thereof
toward,toward,toward,toward,toward
past,past,past,past,past
gone,gone,gone,gon,gon
along,along,along,along,along
gas,ga,gas,gas,gas
close,close,close,clos,clos
field,field,field,field,field
minister,minist,minist,min,minister
eat,eat,eat,eat,eat
ended,end,end,end,ended
reported,report,report,report,reported
looking,look,look,look,look
times,time,time,tim,time
capital,capit,capit,capit,capital
credit,credit,credit,credit,credit
includes,includ,includ,includ,include
yen,yen,yen,yen,yen
sell,sell,sell,sel,sell
yesterday,yesterday,yesterday,yesterday,yesterday
become,becom,becom,becom,becom
brother,brother,brother,broth,brother
turn,turn,turn,turn,turn
case,case,case,cas,cas
likely,like,like,lik,likely
eight,eight,eight,eight,eight
service,servic,servic,serv,servic
friend,friend,friend,friend,friend
deficit,deficit,deficit,deficit,deficit
tender,tender,tender,tend,tender
level,level,level,level,level
evil,evil,evil,evil,evil
blood,blood,blood,blood,blood
union,union,union,un,union
thousand,thousand,thousand,thousand,thousand
sugar,sugar,sugar,sug,sugar
matter,matter,matter,mat,matter
show,show,show,show,show
emma,emma,emma,emm,emma
terms,term,term,term,term
answered,answer,answer,answ,answered
moses,mose,mose,mos,mose
commission,commiss,commiss,commit,commission
real,real,real,real,real
prior,prior,prior,pri,prior
june,june,june,jun,jun
fear,fear,fear,fear,fear
mean,mean,mean,mean,mean
based,base,base,bas,based
deal,deal,deal,deal,deal
debt,debt,debt,debt,debt
order,order,order,ord,order
sight,sight,sight,sight,sight
figures,figur,figur,fig,figure
markets,market,market,market,market
value,valu,valu,valu,valu
peace,peac,peac,peac,peac
kind,kind,kind,kind,kind
lady,ladi,ladi,lady,lady
securities,secur,secur,sec,securitie
development,develop,develop,develop,development
received,receiv,receiv,receiv,received
term,term,term,term,term
often,often,often,oft,often
yes,ye,yes,ye,yes
action,action,action,act,action
boy,boy,boy,boy,boy
increased,increas,increas,increas,increased
currency,currenc,currenc,cur,currency
jerusalem,jerusalem,jerusalem,jerusalem,jerusalem
brown,brown,brown,brown,brown
reason,reason,reason,reason,reason
chairman,chairman,chairman,chairm,chairman
shareholders,sharehold,sharehold,sharehold,shareholder
chief,chief,chief,chief,chief
none,none,none,non,non
demand,demand,demand,demand,demand
canada,canada,canada,canad,canada
coming,come,come,com,com
judah,judah,judah,judah,judah
meet,meet,meet,meet,meet
behind,behind,behind,behind,behind
merger,merger,merger,merg,merger
york,york,york,york,york
average,averag,averag,av,averag
domestic,domest,domest,domest,domestic
corn,corn,corn,corn,corn
trading,trade,trade,trad,trad
account,account,account,account,account
subject,subject,subject,subject,subject
child,child,child,child,child
reserves,reserv,reserv,reserv,reserve
announced,announc,announc,annount,announced
firm,firm,firm,firm,firm
results,result,result,result,result
fed,fed,fed,fed,fed
live,live,live,liv,liv
future,futur,futur,fut,futur
leave,leav,leav,leav,leav
form,form,form,form,form
dear,dear,dear,dear,dear
recent,recent,recent,rec,recent
late,late,late,lat,lat
bid,bid,bid,bid,bid
sun,sun,sun,sun,sun
sort,sort,sort,sort,sort
either,either,either,eith,either
later,later,later,lat,later
plans,plan,plan,plan,plan
supply,suppli,suppli,supply,supply
true,true,true,tru,tru
following,follow,follow,follow,follow
able,abl,abl,abl,
cause,caus,caus,caus,caus
north,north,north,nor,north
coffee,coffe,coffe,coff,coffe
income,incom,incom,incom,incom
assets,asset,asset,asset,asset
crude,crude,crude,crud,crud
court,court,court,court,court
fact,fact,fact,fact,fact
else,els,els,els,els
annual,annual,annual,an,annual
grain,grain,grain,grain,grain
sold,sold,sold,sold,sold
talks,talk,talk,talk,talk
industrial,industri,industri,indust,industrial
continue,continu,continu,continu,continu
means,mean,mean,mean,mean
black,black,black,black,black
move,move,move,mov,mov
alone,alon,alon,alon,alon
mouth,mouth,mouth,mou,mouth
cost,cost,cost,cost,cost
letter,letter,letter,let,letter
anything,anyth,anyth,anyth,anyth
ground,ground,ground,ground,ground
surplus,surplu,surplus,surpl,surplu
holy,holi,holi,holy,holy
passed,pass,pass,pass,passed
output,output,output,output,output
european,european,european,europ,european
including,includ,includ,includ,includ
management,manag,manag,man,management
ten,ten,ten,ten,ten
result,result,result,result,result
priest,priest,priest,priest,priest
non,non,non,non,non
continued,continu,continu,continu,continued
hard,hard,hard,hard,hard
egypt,egypt,egypt,egypt,egypt
sat,sat,sat,sat,sat
book,book,book,book,book
red,red,red,red,red
top,top,top,top,top
bear,bear,bear,bear,bear
christ,christ,christ,christ,christ
economy,economi,economi,econom,economy
issue,issu,issu,issu,issu
members,member,member,memb,member
big,big,big,big,big
energy,energi,energi,energy,energy
run,run,run,run,run
feel,feel,feel,feel,feel
happy,happi,happi,happy,happy
lay,lay,lay,lay,lay
east,east,east,east,east
french,french,french,french,french
industries,industri,industri,industry,industrie
private,privat,privat,priv,privat
agriculture,agricultur,agricultur,agricult,agricultur
elinor,elinor,elinor,elin,elinor
although,although,although,although,although
bill,bill,bill,bil,bill
div,div,div,div,div
canadian,canadian,canadian,canad,canadian
lost,lost,lost,lost,lost
living,live,live,liv,liv
costs,cost,cost,cost,cost
owned,own,own,own,owned
previous,previou,previous,prevy,previou
hour,hour,hour,hour,hour
proposed,propos,propos,propos,proposed
kept,kept,kept,kept,kept
nil,nil,nil,nil,nil
german,german,german,germ,german
natural,natur,natur,nat,natural
loan,loan,loan,loan,loan
answer,answer,answer,answ,answer
longer,longer,longer,long,longer
party,parti,parti,party,party
trust,trust,trust,trust,trust
area,area,area,are,area
secretary,secretari,secretari,secret,secretary
sense,sens,sens,sens,sens
sword,sword,sword,sword,sword
fiscal,fiscal,fiscal,fisc,fiscal
sister,sister,sister,sist,sister
cast,cast,cast,cast,cast
figure,figur,figur,fig,figur
expects,expect,expect,expect,expect
eye,eye,eye,ey,eye
spake,spake,spake,spak,spak
truth,truth,truth,tru,truth
friends,friend,friend,friend,friend
manner,manner,manner,man,manner
purchase,purchas,purchas,purchas,purchas
twenty,twenti,twenti,twenty,twenty
towards,toward,toward,toward,toward
daughter,daughter,daughter,daught,daughter
question,question,question,quest,question
cities,citi,citi,city,citie
wall,wall,wall,wal,wall
immediately,immedi,immedi,immedy,immediately
operating,oper,oper,op,operat
probably,probabl,probabl,prob,probably
evening,even,even,ev,even
effect,effect,effect,effect,effect
street,street,street,street,street
previously,previous,previous,prevy,previously
estimated,estim,estim,estim,estimated
support,support,support,support,support
bought,bought,bought,bought,bought
control,control,control,control,control
split,split,split,split,split
soviet,soviet,soviet,soviet,soviet
ready,readi,readi,ready,ready
women,women,women,wom,women
subsidiary,subsidiari,subsidiari,subsidy,subsidiary
charge,charg,charg,charg,charg
raised,rais,rais,rais,raised
outstanding,outstand,outstand,outstand,outstand
fine,fine,fine,fin,fin
wish,wish,wish,wish,wish
ask,ask,ask,ask,ask
seek,seek,seek,seek,seek
taking,take,take,tak,tak
enter,enter,enter,ent,enter
dealers,dealer,dealer,deal,dealer
marianne,mariann,mariann,marian,mariann
farm,farm,farm,farm,farm
nature,natur,natur,nat,natur
different,differ,differ,diff,different
school,school,school,school,school
london,london,london,london,london
community,commun,communiti,commun,community
marks,mark,mark,mark,mark
committee,committe,committe,commit,committe
table,tabl,tabl,tabl,t
important,import,import,import,important
servant,servant,servant,serv,servant
led,led,led,led,led
wanted,want,want,want,wanted
offered,offer,offer,off,offered
special,special,special,spec,special
person,person,person,person,person
fourth,fourth,fourth,four,fourth
fathers,father,father,fath,father
traders,trader,trader,trad,trader
strength,strength,strength,strength,strength
silver,silver,silver,silv,silver
acquire,acquir,acquir,acquir,acquir
gulf,gulf,gulf,gulf,gulf
walk,walk,walk,walk,walk
certainly,certainli,certain,certain,certainly
office,offic,offic,off,offic
china,china,china,chin,china
reached,reach,reach,reach,reached
servants,servant,servant,serv,servant
opened,open,open,op,opened
anne,ann,ann,an,ann
ahab,ahab,ahab,ahab,ahab
news,news,news,new,new
dark,dark,dark,dark,dark
beginning,begin,begin,begin,beginn
act,act,act,act,act
remain,remain,remain,remain,remain
river,river,river,riv,river
washington,washington,washington,washington,washington
finance,financ,financ,fin,financ
receive,receiv,receiv,receiv,receiv
food,food,food,food,food
sets,set,set,set,set
written,written,written,writ,written
paid,paid,paid,paid,paid
across,across,across,across,acros
include,includ,includ,includ,includ
ministry,ministri,ministri,min,ministry
followed,follow,follow,follow,followed
situation,situat,situat,situ,situation
brethren,brethren,brethren,brethr,brethren
beyond,beyond,beyond,beyond,beyond
returned,return,return,return,returned
position,posit,posit,posit,position
became,becam,becam,becam,becam
amount,amount,amount,amount,amount
seem,seem,seem,seem,seem
services,servic,servic,serv,service
producers,produc,produc,produc,producer
greater,greater,greater,gre,greater
data,data,data,dat,data
force,forc,forc,forc,forc
stocks,stock,stock,stock,stock
understand,understand,understand,understand,understand
clear,clear,clear,clear,clear
plant,plant,plant,plant,plant
sin,sin,sin,sin,sin
replied,repli,repli,reply,replied
church,church,church,church,church
green,green,green,green,green
talk,talk,talk,talk,talk
seems,seem,seem,seem,seem
lead,lead,lead,lead,lead
september,septemb,septemb,septemb,september
weeks,week,week,week,week
reserve,reserv,reserv,reserv,reserv
heavy,heavi,heavi,heavy,heavy
england,england,england,england,england
tree,tree,tree,tre,tre
basis,basi,basi,bas,basi
flesh,flesh,flesh,flesh,flesh
remember,rememb,rememb,rememb,remember
sound,sound,sound,sound,sound
final,final,final,fin,final
available,avail,avail,avail,avail
budget,budget,budget,budget,budget
british,british,british,brit,british
opec,opec,opec,opec,opec
western,western,western,western,western
proposal,propos,propos,propos,proposal
afraid,afraid,afraid,afraid,afraid
drink,drink,drink,drink,drink
human,human,human,hum,human
sees,see,see,see,see
association,associ,associ,assocy,association
levels,level,level,level,level
drop,drop,drop,drop,drop
treasury,treasuri,treasuri,treasury,treasury
brazil,brazil,brazil,brazil,brazil
start,start,start,start,start
america,america,america,americ,america
idea,idea,idea,ide,idea
ways,way,way,way,way
bad,bad,bad,bad,bad
die,die,die,die,die
mark,mark,mark,mark,mark
glory,glori,glori,glory,glory
rising,rise,rise,ris,ris
systems,system,system,system,system
turnbull,turnbul,turnbul,turnbul,turnbull
forecast,forecast,forecast,forecast,forecast
care,care,care,car,car
ran,ran,ran,ran,ran
local,local,local,loc,local
worth,worth,worth,wor,worth
pray,pray,pray,pray,pray
sweet,sweet,sweet,sweet,sweet
waters,water,water,wat,water
effective,effect,effect,effect,effectiv
usda,usda,usda,usd,usda
information,inform,inform,inform,information
council,council,council,council,council
necessary,necessari,necessari,necess,necessary
bed,bed,bed,bed,bed
except,except,except,exceiv,except
play,play,play,play,play
works,work,work,work,work
walked,walk,walk,walk,walked
goods,good,good,good,good
reuters,reuter,reuter,reut,reuter
consider,consid,consid,consid,consider
forward,forward,forward,forward,forward
town,town,town,town,town
cold,cold,cold,cold,cold
read,read,read,read,read
administration,administr,administr,admin,administration
girl,girl,girl,girl,girl
suddenly,suddenli,sudden,sud,suddenly
funds,fund,fund,fund,fund
sometimes,sometim,sometim,sometim,sometime
study,studi,studi,study,study
profits,profit,profit,profit,profit
faith,faith,faith,fai,faith
nation,nation,nation,nat,nation
problems,problem,problem,problem,problem
problem,problem,problem,problem,problem
syme,syme,syme,sym,sym
areas,area,area,area,area
bread,bread,bread,bread,bread
met,met,met,met,met
meat,meat,meat,meat,meat
harriet,harriet,harriet,harriet,harriet
appeared,appear,appear,appear,appeared
qtly,qtli,qtli,qtly,qtly
daily,daili,daili,dai,daily
decision,decis,decis,decid,decision
doubt,doubt,doubt,doubt,doubt
makes,make,make,mak,make
acquired,acquir,acquir,acquir,acquired
raise,rais,rais,rais,rais
petroleum,petroleum,petroleum,petrole,petroleum
hair,hair,hair,hair,hair
hours,hour,hour,hour,hour
july,juli,juli,july,july
view,view,view,view,view
main,main,main,main,main
trees,tree,tree,tre,tree
plc,plc,plc,plc,plc
germany,germani,germani,germany,germany
loans,loan,loan,loan,loan
crop,crop,crop,crop,crop
season,season,season,season,season
paris,pari,pari,par,pari
send,send,send,send,send
base,base,base,bas,bas
knowledge,knowledg,knowledg,knowledg,knowledg
commanded,command,command,command,commanded
showed,show,show,show,showed
expect,expect,expect,expect,expect
broken,broken,broken,brok,broken
conditions,condit,condit,condit,condition
social,social,social,soc,social
arm,arm,arm,arm,arm
comes,come,come,com,come
carried,carri,carri,carry,carried
provide,provid,provid,provid,provid
class,class,class,class,clas
additional,addit,addit,addit,additional
fixed,fix,fix,fix,fixed
boat,boat,boat,boat,boat
strange,strang,strang,strange,strang
holding,hold,hold,hold,hold
completed,complet,complet,complet,completed
pressure,pressur,pressur,press,pressur
visit,visit,visit,visit,visit
deep,deep,deep,deep,deep
garden,garden,garden,gard,garden
range,rang,rang,rang,rang
instead,instead,instead,instead,instead
master,master,master,mast,master
self,self,self,self,self
decline,declin,declin,declin,declin
joy,joy,joy,joy,joy
fair,fair,fair,fair,fair
try,tri,tri,try,try
baker,baker,baker,bak,baker
inflation,inflat,inflat,infl,inflation
balance,balanc,balanc,bal,balanc
laid,laid,laid,laid,laid
bpd,bpd,bpd,bpd,bpd
pleasure,pleasur,pleasur,pleas,pleasur
fast,fast,fast,fast,fast
paper,paper,paper,pap,paper
jan,jan,jan,jan,jan
particular,particular,particular,particul,particular
france,franc,franc,frant,franc
age,age,age,ag,age
noted,note,note,not,noted
midst,midst,midst,midst,midst
husband,husband,husband,husband,husband
ought,ought,ought,ought,ought
growing,grow,grow,grow,grow
largest,largest,largest,largest,largest
entered,enter,enter,ent,entered
blue,blue,blue,blu,blu
started,start,start,start,started
follow,follow,follow,follow,follow
prime,prime,prime,prim,prim
adjusted,adjust,adjust,adjust,adjusted
extraordinary,extraordinari,extraordinari,extraordin,extraordinary
mighty,mighti,mighti,mighty,mighty
barrels,barrel,barrel,barrel,barrel
spoken,spoken,spoken,spok,spoken
conference,confer,confer,conf,conferenc
payments,payment,payment,pay,payment
suppose,suppos,suppos,suppos,suppos
car,car,car,car,car
losses,loss,loss,loss,losse
believed,believ,believ,believ,believed
fight,fight,fight,fight,fight
reduce,reduc,reduc,reduc,reduc
savings,save,save,sav,saving
priests,priest,priest,priest,priest
chapter,chapter,chapter,chapt,chapter
judgment,judgment,judgment,judg,judgment
former,former,former,form,former
intervention,intervent,intervent,interv,intervention
everything,everyth,everyth,everyth,everyth
monetary,monetari,monetari,monet,monetary
minutes,minut,minut,minut,minute
steel,steel,steel,steel,steel
weston,weston,weston,weston,weston
middle,middl,middl,middl,middl
sharp,sharp,sharp,sharp,sharp
needed,need,need,nee,needed
feb,feb,feb,feb,feb
stay,stay,stay,stay,stay
save,save,save,sav,sav
import,import,import,import,import
approved,approv,approv,approv,approved
window,window,window,window,window
nearly,nearli,near,near,nearly
working,work,work,work,work
haue,haue,haue,hau,hau
consumer,consum,consum,consum,consumer
accord,accord,accord,accord,accord
outside,outsid,outsid,outsid,outsid
resources,resourc,resourc,resourc,resource
wood,wood,wood,wood,wood
political,polit,polit,polit,political
texas,texa,texa,texa,texa
product,product,product,produc,product
pacific,pacif,pacif,pac,pacific
road,road,road,road,road
seeing,see,see,see,see
stop,stop,stop,stop,stop
prepared,prepar,prepar,prep,prepared
saul,saul,saul,saul,saul
decided,decid,decid,decid,decided
lines,line,line,lin,line
front,front,front,front,front
story,stori,stori,story,story
surely,sure,sure,sur,surely
single,singl,singl,singl,singl
approval,approv,approv,approv,approval
key,key,key,key,key
kingdom,kingdom,kingdom,kingdom,kingdom
houses,hous,hous,hous,house
contract,contract,contract,contract,contract
division,divis,divis,divid,division
moved,move,move,mov,moved
kings,king,king,king,king
attention,attent,attent,at,attention
history,histori,histori,hist,history
pact,pact,pact,pact,pact
break,break,break,break,break
complete,complet,complet,complet,complet
judge,judg,judg,judg,judg
wicked,wick,wick,wick,wicked
especially,especi,especi,espec,especially
places,place,place,plac,place
changes,chang,chang,chang,change
wait,wait,wait,wait,wait
revenues,revenu,revenu,revenu,revenue
october,octob,octob,octob,october
ships,ship,ship,ship,ship
battle,battl,battl,battl,battl
hardly,hardli,hard,hard,hardly
born,born,born,born,born
remained,remain,remain,remain,remained
declined,declin,declin,declin,declined
wind,wind,wind,wind,wind
member,member,member,memb,member
closed,close,close,clos,closed
macian,macian,macian,mac,macian
reagan,reagan,reagan,reag,reagan
health,health,health,heal,health
tried,tri,tri,tri,tried
francs,franc,franc,frant,franc
weather,weather,weather,weath,weather
congregation,congreg,congreg,congreg,congregation
despite,despit,despit,despit,despit
required,requir,requir,requir,required
serve,serv,serv,serv,serv
congress,congress,congress,congress,congres
sit,sit,sit,sit,sit
pretty,pretti,pretti,pretty,pretty
wine,wine,wine,win,win
standing,stand,stand,stand,stand
alice,alic,alic,al,alic
particularly,particularli,particular,particul,particularly
talking,talk,talk,talk,talk
strike,strike,strike,strike,strik
length,length,length,leng,length
gate,gate,gate,gat,gat
cattle,cattl,cattl,cattl,cattl
summer,summer,summer,sum,summer
chance,chanc,chanc,chant,chanc
wise,wise,wise,wis,wis
equal,equal,equal,eq,equal
lot,lot,lot,lot,lot
wide,wide,wide,wid,wid
various,variou,various,vary,variou
society,societi,societi,socy,society
example,exampl,exampl,exampl,exampl
giving,give,give,giv,giv
wrong,wrong,wrong,wrong,wrong
declared,declar,declar,decl,declared
considered,consid,consid,consid,considered
dwell,dwell,dwell,dwel,dwell
cents,cent,cent,cent,cent
burnt,burnt,burnt,burnt,burnt
begin,begin,begin,begin,begin
equipment,equip,equip,equip,equipment
agency,agenc,agenc,ag,agency
units,unit,unit,unit,unit
james,jame,jame,jam,jame
allow,allow,allow,allow,allow
barrel,barrel,barrel,barrel,barrel
target,target,target,target,target
takeover,takeov,takeov,takeov,takeover
rights,right,right,right,right
altar,altar,altar,alt,altar
spring,spring,spring,spring,spr
comment,comment,comment,com,comment
mary,mari,mari,mary,mary
concerning,concern,concern,concern,concern
speaking,speak,speak,speak,speak
throughout,throughout,throughout,throughout,throughout
glad,glad,glad,glad,glad
addition,addit,addit,addit,addition
purpose,purpos,purpos,purpos,purpos
building,build,build,build,build
research,research,research,research,research
hit,hit,hit,hit,hit
changed,chang,chang,chang,changed
hill,hill,hill,hil,hill
understanding,understand,understand,understand,understand
delivered,deliv,deliv,del,delivered
spirits,spirit,spirit,spirit,spirit
feeling,feel,feel,feel,feel
ill,ill,ill,il,ill
lived,live,live,liv,lived
foot,foot,foot,foot,foot
feed,feed,feed,fee,feed
seed,seed,seed,see,seed
gods,god,god,god,god
fish,fish,fish,fish,fish
thinking,think,think,think,think
praise,prais,prais,pra,prais
trouble,troubl,troubl,troubl,troubl
parts,part,part,part,part
died,die,die,died,died
measures,measur,measur,meas,measure
english,english,english,engl,english
stone,stone,stone,ston,ston
built,built,built,built,built
arms,arm,arm,arm,arm
europe,europ,europ,europ,europ
executive,execut,execut,execut,executiv
firms,firm,firm,firm,firm
beautiful,beauti,beauti,beauty,beautiful
winter,winter,winter,wint,winter
revised,revis,revis,rev,revised
preferred,prefer,prefer,prefer,preferred
silence,silenc,silenc,sil,silenc
fruit,fruit,fruit,fruit,fruit
trying,tri,tri,try,try
iron,iron,iron,iron,iron
spoke,spoke,spoke,spok,spok
elton,elton,elton,elton,elton
commercial,commerci,commerci,commerc,commercial
caused,caus,caus,caus,caused
knightley,knightley,knightley,knightley,knightley
paul,paul,paul,paul,paul
running,run,run,run,runn
southern,southern,southern,southern,southern
cocoa,cocoa,cocoa,coco,cocoa
filled,fill,fill,fil,filled
build,build,build,build,build
wherefore,wherefor,wherefor,wheref,wherefor
friday,friday,friday,friday,friday
press,press,press,press,pres
appear,appear,appear,appear,appear
issued,issu,issu,issu,issued
miles,mile,mile,mil,mile
opinion,opinion,opinion,opin,opinion
please,pleas,pleas,pleas,pleas
cry,cri,cri,cry,cry
ham,ham,ham,ham,ham
jacob,jacob,jacob,jacob,jacob
measure,measur,measur,meas,measur
futures,futur,futur,fut,future
thoughts,thought,thought,thought,thought
thirty,thirti,thirti,thirty,thirty
happened,happen,happen,hap,happened
broad,broad,broad,broad,broad
reach,reach,reach,reach,reach
anger,anger,anger,ang,anger
honour,honour,honour,hono,honour
determined,determin,determin,determin,determined
sector,sector,sector,sect,sector
write,write,write,writ,writ
fields,field,field,field,field
index,index,index,index,index
produced,produc,produc,produc,produced
mount,mount,mount,mount,mount
buying,buy,buy,buy,buy
yea,yea,yea,ye,yea
sing,sing,sing,sing,s
leading,lead,lead,lead,lead
fund,fund,fund,fund,fund
concern,concern,concern,concern,concern
spread,spread,spread,spread,spread
recently,recent,recent,rec,recently
destroy,destroy,destroy,destroy,destroy
sign,sign,sign,sign,sign
reduced,reduc,reduc,reduc,reduced
banking,bank,bank,bank,bank
date,date,date,dat,dat
grow,grow,grow,grow,grow
music,music,music,mus,music
fellow,fellow,fellow,fellow,fellow
similar,similar,similar,simil,similar
job,job,job,job,job
wild,wild,wild,wild,wild
unless,unless,unless,unless,unles
step,step,step,step,step
dropped,drop,drop,drop,dropped
november,novemb,novemb,novemb,november
blessed,bless,bless,bless,blessed
watch,watch,watch,watch,watch
space,space,space,spac,spac
sleep,sleep,sleep,sleep,sleep
directly,directli,direct,direct,directly
gains,gain,gain,gain,gain
hell,hell,hell,hel,hell
currently,current,current,cur,currently
mercy,merci,merci,mercy,mercy
cuts,cut,cut,cut,cut
marketing,market,market,market,market
whatever,whatev,whatev,whatev,whatever
property,properti,properti,property,property
military,militari,militari,milit,military
personal,person,person,person,personal
colonel,colonel,colonel,colonel,colonel
joint,joint,joint,joint,joint
aaron,aaron,aaron,aaron,aaron
serious,seriou,serious,sery,seriou
difficult,difficult,difficult,difficult,difficult
experience,experi,experi,expery,experienc
turning,turn,turn,turn,turn
carry,carri,carri,carry,carry
latest,latest,latest,latest,latest
insurance,insur,insur,ins,insuranc
analyst,analyst,analyst,analyst,analyst
planned,plan,plan,plan,planned
points,point,point,point,point
secret,secret,secret,secret,secret
workers,worker,worker,work,worker
meant,meant,meant,meant,meant
gentleman,gentleman,gentleman,gentlem,gentleman
slightly,slightli,slight,slight,slightly
process,process,process,process,proces
transaction,transact,transact,transact,transaction
gathered,gather,gather,gath,gathered
included,includ,includ,includ,included
wonder,wonder,wonder,wond,wonder
horse,hors,hors,hors,hors
needs,need,need,nee,need
farmers,farmer,farmer,farm,farmer
volume,volum,volum,volum,volum
cover,cover,cover,cov,cover
taiwan,taiwan,taiwan,taiw,taiwan
bundesbank,bundesbank,bundesbank,bundesbank,bundesbank
sake,sake,sake,sak,sak
caught,caught,caught,caught,caught
enemies,enemi,enemi,enemy,enemie
edward,edward,edward,edward,edward
darkness,dark,dark,dark,darknes
perfect,perfect,perfect,perfect,perfect
spot,spot,spot,spot,spot
feelings,feel,feel,feel,feeling
cross,cross,cross,cross,cros
generally,gener,general,gen,generally
sitting,sit,sit,sit,sitt
getting,get,get,get,gett
standard,standard,standard,standard,standard
heads,head,head,head,head
grew,grew,grew,grew,grew
deliver,deliv,deliv,del,deliver
respect,respect,respect,respect,respect
grace,grace,grace,grac,grac
sought,sought,sought,sought,sought
coast,coast,coast,coast,coast
bright,bright,bright,bright,bright
tomorrow,tomorrow,tomorrow,tomorrow,tomorrow
provided,provid,provid,provid,provided
stopped,stop,stop,stop,stopped
desire,desir,desir,desir,desir
silent,silent,silent,sil,silent
bond,bond,bond,bond,bond
post,post,post,post,post
waiting,wait,wait,wait,wait
justice,justic,justic,just,justic
capacity,capac,capac,capac,capacity
rich,rich,rich,rich,rich
named,name,name,nam,named
add,add,add,ad,add
aid,aid,aid,aid,aid
seeking,seek,seek,seek,seek
holdings,hold,hold,hold,holding
quota,quota,quota,quot,quota
exactly,exactli,exact,exact,exactly
security,secur,secur,sec,security
details,detail,detail,detail,detail
payable,payabl,payabl,pay,pay
quarterly,quarterli,quarter,quart,quarterly
excludes,exclud,exclud,exclud,exclude
soybean,soybean,soybean,soyb,soybean
jane,jane,jane,jan,jan
character,charact,charact,charact,character
faces,face,face,fac,face
fresh,fresh,fresh,fresh,fresh
covered,cover,cover,cov,covered
steps,step,step,step,step
island,island,island,island,island
dollars,dollar,dollar,doll,dollar
pleased,pleas,pleas,pleas,pleased
ministers,minist,minist,min,minister
rain,rain,rain,rain,rain
command,command,command,command,command
angel,angel,angel,angel,angel
wrote,wrote,wrote,wrot,wrot
related,relat,relat,rel,related
individual,individu,individu,individ,individual
floor,floor,floor,flo,floor
commerce,commerc,commerc,commerc,commerc
daughters,daughter,daughter,daught,daughter
formed,form,form,form,formed
attempt,attempt,attempt,attempt,attempt
lifted,lift,lift,lift,lifted
wisdom,wisdom,wisdom,wisdom,wisdom
placed,place,place,plac,placed
presence,presenc,presenc,pres,presenc
monday,monday,monday,monday,monday
song,song,song,song,song
partners,partner,partner,partn,partner
investors,investor,investor,invest,investor
speech,speech,speech,speech,speech
ahead,ahead,ahead,ahead,ahead
solomon,solomon,solomon,solomon,solomon
signed,sign,sign,sign,signed
wilderness,wilder,wilder,wild,wildernes
susan,susan,susan,sus,susan
director,director,director,direct,director
entire,entir,entir,entir,entir
fully,fulli,fulli,ful,fully
unchanged,unchang,unchang,unchang,unchanged
lie,lie,lie,lie,lie
tabernacle,tabernacl,tabernacl,tabernac,tabernacl
fifty,fifti,fifti,fifty,fifty
august,august,august,august,august
century,centuri,centuri,century,century
bills,bill,bill,bil,bill
payment,payment,payment,pay,payment
difference,differ,differ,diff,differenc
looks,look,look,look,look
simple,simpl,simpl,simpl,simpl
shut,shut,shut,shut,shut
economists,economist,economist,econom,economist
twelve,twelv,twelv,twelv,twelv
modern,modern,modern,modern,modern
lest,lest,lest,lest,lest
joseph,joseph,joseph,joseph,joseph
smith,smith,smith,smi,smith
valley,valley,valley,valley,valley
direct,direct,direct,direct,direct
sides,side,side,sid,side
sharply,sharpli,sharpli,sharply,sharply
goes,goe,goe,goe,goe
charles,charl,charl,charl,charle
kill,kill,kill,kil,kill
merely,mere,mere,mer,merely
drew,drew,drew,drew,drew
operation,oper,oper,op,operation
distribution,distribut,distribut,distribut,distribution
britain,britain,britain,britain,britain
limited,limit,limit,limit,limited
stage,stage,stage,stag,stag
buffer,buffer,buffer,buff,buffer
falling,fall,fall,fal,fall
moreover,moreov,moreov,moreov,moreover
woodhouse,woodhous,woodhous,woodh,woodhous
shew,shew,shew,shew,shew
righteousness,righteous,righteous,right,righteousnes
tonne,tonn,tonn,ton,tonn
host,host,host,host,host
exploration,explor,explor,expl,exploration
horses,hors,hors,hors,horse
involved,involv,involv,involv,involved
performance,perform,perform,perform,performanc
increases,increas,increas,increas,increase
struck,struck,struck,struck,struck
response,respons,respons,respons,respons
spending,spend,spend,spend,spend
quickly,quickli,quick,quick,quickly
selling,sell,sell,sel,sell
impact,impact,impact,impact,impact
cent,cent,cent,cent,cent
glass,glass,glass,glass,glas
officer,offic,offic,off,officer
jews,jew,jew,jew,jew
senior,senior,senior,seny,senior
saudi,saudi,saudi,saud,saudi
allowed,allow,allow,allow,allowed
nobody,nobodi,nobodi,nobody,nobody
frank,frank,frank,frank,frank
moving,move,move,mov,mov
rules,rule,rule,rul,rule
instant,instant,instant,inst,instant
easy,easi,easi,easy,easy
hearing,hear,hear,hear,hear
degree,degre,degre,degr,degre
soft,soft,soft,soft,soft
touch,touch,touch,touch,touch
stores,store,store,stor,store
venture,ventur,ventur,vent,ventur
remains,remain,remain,remain,remain
enemy,enemi,enemi,enemy,enemy
regular,regular,regular,regul,regular
vain,vain,vain,vain,vain
material,materi,materi,mat,material
sky,sky,sky,sky,sky
dry,dri,dri,dry,dry
finally,final,final,fin,finally
straight,straight,straight,straight,straight
dutch,dutch,dutch,dutch,dutch
iran,iran,iran,ir,iran
accepted,accept,accept,acceiv,accepted
entirely,entir,entir,entir,entirely
opening,open,open,op,open
concerned,concern,concern,concern,concerned
bit,bit,bit,bit,bit
surface,surfac,surfac,surfac,surfac
hosts,host,host,host,host
center,center,center,cent,center
usual,usual,usual,us,usual
plain,plain,plain,plain,plain
repeated,repeat,repeat,rep,repeated
orders,order,order,ord,order
hall,hall,hall,hal,hall
discontinued,discontinu,discontinu,discontinu,discontinued
pre,pre,pre,pre,pre
mountains,mountain,mountain,mountain,mountain
dinner,dinner,dinner,din,dinner
smile,smile,smile,smil,smil
william,william,william,william,william
port,port,port,port,port
fallen,fallen,fallen,fal,fallen
comfort,comfort,comfort,comfort,comfort
piece,piec,piec,piec,piec
boys,boy,boy,boy,boy
efforts,effort,effort,effort,effort
medical,medic,medic,med,medical
covenant,coven,coven,cov,covenant
organization,organ,organ,org,organization
forty,forti,forti,forty,forty
effort,effort,effort,effort,effort
chemical,chemic,chemic,chem,chemical
assistance,assist,assist,assist,assistanc
gross,gross,gross,gross,gros
accept,accept,accept,acceiv,accept
interests,interest,interest,interest,interest
authority,author,author,auth,authority
square,squar,squar,squ,squar
reports,report,report,report,report
lips,lip,lip,lip,lip
aside,asid,asid,asid,asid
holds,hold,hold,hold,hold
vessels,vessel,vessel,vessel,vessel
babylon,babylon,babylon,babylon,babylon
negotiations,negoti,negoti,negoty,negotiation
quotas,quota,quota,quota,quota
somewhat,somewhat,somewhat,somewh,somewhat
image,imag,imag,im,imag
evidence,evid,evid,evid,evidenc
equity,equiti,equiti,equ,equity
manager,manag,manag,man,manager
distance,distanc,distanc,dist,distanc
produce,produc,produc,produc,produc
rule,rule,rule,rul,rul
hot,hot,hot,hot,hot
fat,fat,fat,fat,fat
actually,actual,actual,act,actually
worse,wors,wors,wors,wors
simply,simpli,simpli,simply,simply
hat,hat,hat,hat,hat
clothes,cloth,cloth,cloth,clothe
producer,produc,produc,produc,producer
seat,seat,seat,seat,seat
drive,drive,drive,driv,driv
police,polic,polic,pol,polic
robert,robert,robert,robert,robert
increasing,increas,increas,increas,increas
ending,end,end,end,end
computer,comput,comput,comput,computer
deposits,deposit,deposit,deposit,deposit
talked,talk,talk,talk,talked
slow,slow,slow,slow,slow
army,armi,armi,army,army
tokyo,tokyo,tokyo,tokyo,tokyo
currencies,currenc,currenc,cur,currencie
knows,know,know,know,know
slowly,slowli,slowli,slow,slowly
continuing,continu,continu,continu,continu
beside,besid,besid,besid,besid
thyself,thyself,thyself,thyself,thyself
australia,australia,australia,austral,australia
pain,pain,pain,pain,pain
morrow,morrow,morrow,morrow,morrow
usually,usual,usual,us,usually
raises,rais,rais,rais,raise
respectively,respect,respect,respect,respectively
education,educ,educ,educ,education
ones,one,one,on,one
project,project,project,project,project
tongue,tongu,tongu,tongu,tongu
attack,attack,attack,attack,attack
significant,signific,signific,sign,significant
temple,templ,templ,templ,templ
college,colleg,colleg,colleg,colleg
type,type,type,typ,typ
reporters,report,report,report,reporter
married,marri,marri,marry,married
considering,consid,consid,consid,consider
values,valu,valu,valu,value
princes,princ,princ,print,prince
copper,copper,copper,cop,copper
peter,peter,peter,pet,peter
loved,love,love,lov,loved
regard,regard,regard,regard,regard
youth,youth,youth,you,youth
picture,pictur,pictur,pict,pictur
remaining,remain,remain,remain,remain
ends,end,end,end,end
bound,bound,bound,bound,bound
elliot,elliot,elliot,elliot,elliot
offerings,offer,offer,off,offering
vice,vice,vice,vic,vic
basic,basic,basic,bas,basic
financing,financ,financ,fin,financ
families,famili,famili,famy,familie
estimate,estim,estim,estim,estimat
principle,principl,principl,principl,principl
series,seri,seri,sery,serie
million,million,million,mil,million
ears,ear,ear,ear,ear
defense,defens,defens,defens,defens
impossible,imposs,imposs,imposs,impossibl
corner,corner,corner,corn,corner
normal,normal,normal,norm,normal
established,establish,establish,est,established
leaving,leav,leav,leav,leav
bare,bare,bare,bar,bar
wilt,wilt,wilt,wilt,wilt
prevent,prevent,prevent,prev,prevent
meaning,mean,mean,mean,mean
doth,doth,doth,doth,doth
bow,bow,bow,bow,bow
initial,initi,initi,init,initial
estimates,estim,estim,estim,estimate
sunday,sunday,sunday,sunday,sunday
direction,direct,direct,direct,direction
stranger,stranger,stranger,stranger,stranger
signs,sign,sign,sign,sign
cometh,cometh,cometh,come,cometh
spent,spent,spent,spent,spent
walking,walk,walk,walk,walk
satisfied,satisfi,satisfi,satisfy,satisfied
wants,want,want,want,want
improved,improv,improv,improv,improved
inside,insid,insid,insid,insid
draw,draw,draw,draw,draw
beauty,beauti,beauti,beauty,beauty
ordinary,ordinari,ordinari,ordin,ordinary
mountain,mountain,mountain,mountain,mountain
issues,issu,issu,issu,issue
perfectly,perfectli,perfect,perfect,perfectly
letters,letter,letter,let,letter
quality,qualiti,qualiti,qual,quality
clean,clean,clean,cle,clean
grass,grass,grass,grass,gras
beef,beef,beef,beef,beef
discount,discount,discount,discount,discount
iniquity,iniqu,iniqu,in,iniquity
royal,royal,royal,roy,royal
forces,forc,forc,forc,force
usair,usair,usair,usair,usair
activity,activ,activ,act,activity
persons,person,person,person,person
provision,provis,provis,provid,provision
proper,proper,proper,prop,proper
size,size,size,siz,siz
sacrifice,sacrific,sacrific,sacr,sacrific
destroyed,destroy,destroy,destroy,destroyed
served,serv,serv,serv,served
cotton,cotton,cotton,cotton,cotton
county,counti,counti,county,county
influence,influenc,influenc,influ,influenc
besides,besid,besid,besid,beside
pharaoh,pharaoh,pharaoh,pharaoh,pharaoh
taste,tast,tast,tast,tast
opportunity,opportun,opportun,opportun,opportunity
confidence,confid,confid,confid,confidenc
names,name,name,nam,name
dream,dream,dream,dream,dream
multitude,multitud,multitud,multitud,multitud
lucy,luci,luci,lucy,lucy
senate,senat,senat,sen,senat
factors,factor,factor,fact,factor
finished,finish,finish,fin,finished
duty,duti,duti,duty,duty
purchases,purchas,purchas,purchas,purchase
excellent,excel,excel,excel,excellent
circumstances,circumst,circumst,circumst,circumstance
pieces,piec,piec,piec,piece
forget,forget,forget,forget,forget
grey,grey,grey,grey,grey
yield,yield,yield,yield,yield
rises,rise,rise,ris,rise
laws,law,law,law,law
commodity,commod,commod,commod,commodity
leaves,leav,leav,leav,leave
producing,produc,produc,produc,produc
progress,progress,progress,progress,progres
using,use,use,us,us
larger,larger,larger,larg,larger
governor,governor,governor,govern,governor
neck,neck,neck,neck,neck
prophet,prophet,prophet,prophet,prophet
golden,golden,golden,gold,golden
moon,moon,moon,moon,moon
minute,minut,minut,minut,minut
broke,broke,broke,brok,brok
mad,mad,mad,mad,mad
rock,rock,rock,rock,rock
huge,huge,huge,hug,hug
object,object,object,object,object
takes,take,take,tak,take
offers,offer,offer,off,offer
whales,whale,whale,whal,whale
staff,staff,staff,staff,staff
farmer,farmer,farmer,farm,farmer
forced,forc,forc,forc,forced
killed,kill,kill,kil,killed
express,express,express,express,expres
ease,eas,eas,eas,eas
mid,mid,mid,mid,mid
shot,shot,shot,shot,shot
abraham,abraham,abraham,abraham,abraham
statistics,statist,statist,stat,statistic
agreements,agreement,agreement,agr,agreement
payout,payout,payout,payout,payout
source,sourc,sourc,sourc,sourc
streets,street,street,streets,street
reduction,reduct,reduct,reduc,reduction
properties,properti,properti,property,propertie
restructuring,restructur,restructur,restruct,restructur
promise,promis,promis,prom,promis
easily,easili,easili,easy,easily
questions,question,question,quest,question
fit,fit,fit,fit,fit
weight,weight,weight,weight,weight
approach,approach,approach,approach,approach
ball,ball,ball,bal,ball
bottom,bottom,bottom,bottom,bottom
institute,institut,institut,institut,institut
cloud,cloud,cloud,cloud,cloud
buys,buy,buy,buy,buy
bankers,banker,banker,bank,banker
corporation,corpor,corpor,corp,corporation
quiet,quiet,quiet,quiet,quiet
levites,levit,levit,levit,levite
africa,africa,africa,afric,africa
tons,ton,ton,ton,ton
separate,separ,separ,sep,separat
sorry,sorri,sorri,sorry,sorry
quick,quick,quick,quick,quick
review,review,review,review,review
philistines,philistin,philistin,philistin,philistine
stones,stone,stone,ston,stone
dome,dome,dome,dom,dom
policies,polici,polici,policy,policie
estate,estat,estat,est,estat
sudden,sudden,sudden,sud,sudden
ear,ear,ear,ear,ear
university,univers,univers,univers,university
therein,therein,therein,therein,therein
race,race,race,rac,rac
australian,australian,australian,aust,australian
interested,interest,interest,interest,interested
agricultural,agricultur,agricultur,agricult,agricultural
abroad,abroad,abroad,abroad,abroad
scheduled,schedul,schedul,scheduled,scheduled
tone,tone,tone,ton,ton
materials,materi,materi,mat,material
sterling,sterl,sterl,sterl,sterl
tariffs,tariff,tariff,tariff,tariff
flow,flow,flow,flow,flow
helped,help,help,help,helped
noise,nois,nois,nois,nois
proposals,propos,propos,propos,proposal
notes,note,note,not,note
beast,beast,beast,beast,beast
tribe,tribe,tribe,trib,trib
holders,holder,holder,hold,holder
happiness,happi,happi,happy,happines
steady,steadi,steadi,steady,steady
righteous,righteou,righteous,right,righteou
chicago,chicago,chicago,chicago,chicago
plus,plu,plus,plu,plu
contracts,contract,contract,contract,contract
highly,highli,high,high,highly
writing,write,write,writ,writ
latter,latter,latter,lat,latter
stars,star,star,star,star
cases,case,case,cas,case
everybody,everybodi,everybodi,everybody,everybody
throne,throne,throne,throne,thron
developed,develop,develop,develop,developed
primary,primari,primari,prim,primary
stubb,stubb,stubb,stub,stubb
shape,shape,shape,shap,shap
afterwards,afterward,afterward,afterward,afterward
vast,vast,vast,vast,vast
greatest,greatest,greatest,greatest,greatest
planning,plan,plan,plan,plann
churchill,churchil,churchil,churchil,churchill
afternoon,afternoon,afternoon,afternoon,afternoon
box,box,box,box,box
exporters,export,export,export,exporter
settled,settl,settl,settl,settled
fill,fill,fill,fil,fill
louisa,louisa,louisa,louis,louisa
teeth,teeth,teeth,tee,teeth
shown,shown,shown,shown,shown
ark,ark,ark,ark,ark
india,india,india,ind,india
shipping,ship,ship,ship,shipp
affected,affect,affect,affect,affected
departed,depart,depart,depart,departed
groups,group,group,group,group
dashwood,dashwood,dashwood,dashwood,dashwood
wrath,wrath,wrath,wra,wrath
manufacturing,manufactur,manufactur,manufact,manufactur
chosen,chosen,chosen,chos,chosen
failed,fail,fail,fail,failed
cutting,cut,cut,cut,cutt
calls,call,call,cal,call
queen,queen,queen,queen,queen
doctor,doctor,doctor,doct,doctor
removed,remov,remov,remov,removed
obliged,oblig,oblig,oblig,obliged
fairfax,fairfax,fairfax,fairfax,fairfax
camp,camp,camp,camp,camp
disciples,discipl,discipl,discipl,disciple
queequeg,queequeg,queequeg,queequeg,queequeg
alive,aliv,aliv,al,aliv
created,creat,creat,cre,created
nevertheless,nevertheless,nevertheless,nevertheless,nevertheles
edge,edg,edg,edg,edg
prophets,prophet,prophet,prophet,prophet
turnover,turnov,turnov,turnov,turnover
willing,will,will,wil,will
drawing,draw,draw,draw,draw
books,book,book,book,book
otherwise,otherwis,otherwis,otherw,otherwis
inheritance,inherit,inherit,inherit,inheritanc
supplies,suppli,suppli,supply,supplie
professor,professor,professor,profess,professor
potential,potenti,potenti,pot,potential
delegates,deleg,deleg,deleg,delegate
hurt,hurt,hurt,hurt,hurt
wholly,wholli,wholli,whol,wholly
stability,stabil,stabil,stabl,stability
limit,limit,limit,limit,limit
directors,director,director,direct,director
quoted,quot,quot,quot,quoted
technology,technolog,technolog,technolog,technology
gencorp,gencorp,gencorp,gencorp,gencorp
favour,favour,favour,favo,favour
rubber,rubber,rubber,rub,rubber
join,join,join,join,join
waste,wast,wast,wast,wast
portion,portion,portion,port,portion
adding,ad,ad,ad,add
deck,deck,deck,deck,deck
marriage,marriag,marriag,marry,marriag
danger,danger,danger,dang,danger
prince,princ,princ,print,princ
weak,weak,weak,weak,weak
pure,pure,pure,pur,pur
surprise,surpris,surpris,surpr,surpris
smote,smote,smote,smot,smot
specific,specif,specif,spec,specific
forest,forest,forest,forest,forest
section,section,section,sect,section
choice,choic,choic,cho,choic
mere,mere,mere,mer,mer
highest,highest,highest,highest,highest
joined,join,join,join,joined
double,doubl,doubl,doubl,doubl
sheep,sheep,sheep,sheep,sheep
officers,offic,offic,off,officer
thence,thenc,thenc,thent,thenc
northern,northern,northern,northern,northern
mining,mine,mine,min,min
filing,file,file,fil,fil
sperm,sperm,sperm,sperm,sperm
reading,read,read,read,read
gather,gather,gather,gath,gather
jordan,jordan,jordan,jord,jordan
electric,electr,electr,elect,electric
conversation,convers,convers,convers,conversation
immediate,immedi,immedi,immedy,immediat
dwelt,dwelt,dwelt,dwelt,dwelt
hopes,hope,hope,hop,hope
gates,gate,gate,gat,gate
breath,breath,breath,brea,breath
palm,palm,palm,palm,palm
fled,fled,fled,fled,fled
region,region,region,reg,region
advantage,advantag,advantag,adv,advantag
drawn,drawn,drawn,drawn,drawn
promised,promis,promis,prom,promised
snow,snow,snow,snow,snow
thick,thick,thick,thick,thick
appointed,appoint,appoint,appoint,appointed
francisco,francisco,francisco,francisco,francisco
pretax,pretax,pretax,pretax,pretax
list,list,list,list,list
follows,follow,follow,follow,follow
gatt,gatt,gatt,gat,gatt
wished,wish,wish,wish,wished
maintain,maintain,maintain,maintain,maintain
considerable,consider,consider,consid,consider
grown,grown,grown,grown,grown
described,describ,describ,describ,described
movement,movement,movement,mov,movement
anti,anti,anti,ant,anti
session,session,session,sess,session
shipments,shipment,shipment,ship,shipment
notice,notic,notic,not,notic
completely,complet,complet,complet,completely
original,origin,origin,origin,original
twice,twice,twice,twic,twic
construction,construct,construct,construct,construction
substantial,substanti,substanti,subst,substantial
disclosed,disclos,disclos,disclos,disclosed
delivery,deliveri,deliveri,delivery,delivery
lift,lift,lift,lift,lift
caesar,caesar,caesar,caes,caesar
safe,safe,safe,saf,saf
require,requir,requir,requir,requir
reflect,reflect,reflect,reflect,reflect
pool,pool,pool,pool,pool
indonesia,indonesia,indonesia,indones,indonesia
investor,investor,investor,invest,investor
arose,aros,aros,aros,aros
understood,understood,understood,understood,understood
learn,learn,learn,learn,learn
expressed,express,express,express,expressed
rejected,reject,reject,reject,rejected
possibility,possibl,possibl,poss,possibility
rice,rice,rice,ric,ric
arthur,arthur,arthur,arth,arthur
dust,dust,dust,dust,dust
test,test,test,test,test
boost,boost,boost,boost,boost
korea,korea,korea,kore,korea
pleasant,pleasant,pleasant,pleas,pleasant
gives,give,give,giv,give
delight,delight,delight,delight,delight
hills,hill,hill,hil,hill
jennings,jen,jen,jen,jenning
labor,labor,labor,lab,labor
ladies,ladi,ladi,lady,ladie
escape,escap,escap,escap,escap
sick,sick,sick,sick,sick
risk,risk,risk,risk,risk
partly,partli,part,part,partly
inhabitants,inhabit,inhabit,inhabit,inhabitant
buster,buster,buster,bust,buster
proud,proud,proud,proud,proud
girls,girl,girl,girl,girl
passage,passag,passag,pass,passag
hearts,heart,heart,heart,heart
crown,crown,crown,crown,crown
newspaper,newspap,newspap,newspap,newspaper
extended,extend,extend,extend,extended
anyone,anyon,anyon,anyon,anyon
appearance,appear,appear,appear,appearanc
thank,thank,thank,thank,thank
row,row,row,row,row
game,game,game,gam,gam
italy,itali,itali,ita,italy
fancy,fanci,fanci,fant,fancy
doors,door,door,door,door
principal,princip,princip,princip,principal
periods,period,period,period,period
welcome,welcom,welcom,welcom,welcom
shame,shame,shame,sham,sham
labour,labour,labour,labo,labour
lives,live,live,liv,live
credits,credit,credit,credit,credit
dec,dec,dec,dec,dec
taught,taught,taught,taught,taught
powers,power,power,pow,power
knowing,know,know,know,know
beneath,beneath,beneath,benea,beneath
freedom,freedom,freedom,freedom,freedom
tuesday,tuesday,tuesday,tuesday,tuesday
harvest,harvest,harvest,harvest,harvest
elders,elder,elder,eld,elder
vote,vote,vote,vot,vot
activities,activ,activ,act,activitie
california,california,california,californ,california
warm,warm,warm,warm,warm
begat,begat,begat,beg,begat
programs,program,program,program,program
hoped,hope,hope,hop,hoped
relations,relat,relat,rel,relation
angry,angri,angri,angry,angry
heat,heat,heat,heat,heat
shore,shore,shore,shor,shor
maize,maiz,maiz,maiz,maiz
pipeline,pipelin,pipelin,pipelin,pipelin
fortune,fortun,fortun,fortun,fortun
suit,suit,suit,suit,suit
passing,pass,pass,pass,pass
scene,scene,scene,scen,scen
positive,posit,posit,posit,positiv
worship,worship,worship,wor,worship
telephone,telephon,telephon,telephon,telephon
repurchase,repurchas,repurchas,repurchas,repurchas
acquaintance,acquaint,acquaint,acquaint,acquaintanc
observed,observ,observ,observ,observed
dare,dare,dare,dar,dar
hate,hate,hate,hat,hat
condition,condit,condit,condit,condition
grave,grave,grave,grav,grav
ashamed,asham,asham,asham,ashamed
extremely,extrem,extrem,extrem,extremely
suffer,suffer,suffer,suff,suffer
possibly,possibl,possibl,poss,possibly
success,success,success,success,succes
active,activ,activ,act,activ
worked,work,work,work,worked
hence,henc,henc,hent,henc
george,georg,georg,georg,georg
bell,bell,bell,bel,bell
forms,form,form,form,form
band,band,band,band,band
students,student,student,stud,student
agree,agre,agre,agr,agre
curious,curiou,curious,cury,curiou
reasons,reason,reason,reason,reason
witness,wit,wit,wit,witnes
mainly,mainli,main,main,mainly
leaders,leader,leader,lead,leader
boats,boat,boat,boat,boat
request,request,request,request,request
benefit,benefit,benefit,benefit,benefit
shell,shell,shell,shel,shell
shareholder,sharehold,sharehold,sharehold,shareholder
tears,tear,tear,tear,tear
brothers,brother,brother,broth,brother
independent,independ,independ,independ,independent
appears,appear,appear,appear,appear
arise,aris,aris,ar,aris
remembered,rememb,rememb,rememb,remembered
indicated,indic,indic,ind,indicated
clay,clay,clay,clay,clay
joshua,joshua,joshua,joshu,joshua
ideas,idea,idea,idea,idea
communications,commun,communic,commun,communication
equally,equal,equal,eq,equally
club,club,club,club,club
pointed,point,point,point,pointed
avoid,avoid,avoid,avoid,avoid
rejoice,rejoic,rejoic,rejo,rejoic
apparently,appar,appar,app,apparently
walter,walter,walter,walt,walter
expansion,expans,expans,expand,expansion
blind,blind,blind,blind,blind
claims,claim,claim,claim,claim
yellow,yellow,yellow,yellow,yellow
trial,trial,trial,tri,trial
calling,call,call,cal,call
wentworth,wentworth,wentworth,wentwor,wentworth
existing,exist,exist,ex,exist
dispute,disput,disput,disput,disput
waves,wave,wave,wav,wave
technical,technic,technic,techn,technical
engaged,engag,engag,eng,engaged
pride,pride,pride,prid,prid
improvement,improv,improv,improv,improvement
clearly,clearli,clear,clear,clearly
effects,effect,effect,effect,effect
successful,success,success,success,successful
reign,reign,reign,reign,reign
revenue,revenu,revenu,revenu,revenu
science,scienc,scienc,sci,scienc
schools,school,school,schools,school
facilities,facil,facil,facil,facilitie
pale,pale,pale,pal,pal
devil,devil,devil,devil,devil
consumption,consumpt,consumpt,consum,consumption
saved,save,save,sav,saved
lending,lend,lend,lend,lend
acres,acr,acr,acr,acre
designed,design,design,design,designed
border,border,border,bord,border
bonds,bond,bond,bond,bond
pound,pound,pound,pound,pound
gentlemen,gentlemen,gentlemen,gentlem,gentlemen
flowers,flower,flower,flow,flower
learned,learn,learn,learn,learned
unknown,unknown,unknown,unknown,unknown
willoughby,willoughbi,willoughbi,willoughby,willoughby
lose,lose,lose,los,los
block,block,block,block,block
ecuador,ecuador,ecuador,ecuad,ecuador
parties,parti,parti,party,partie
loud,loud,loud,loud,loud
christian,christian,christian,christian,christian
lion,lion,lion,lion,lion
crew,crew,crew,crew,crew
martin,martin,martin,martin,martin
farther,farther,farther,farth,farther
upper,upper,upper,up,upper
greatly,greatli,great,gre,greatly
crisis,crisi,crisi,cris,crisi
charges,charg,charg,charg,charge
terrible,terribl,terribl,terr,terribl
mines,mine,mine,min,mine
partnership,partnership,partnership,partn,partnership
businesses,busi,busi,busy,businesse
consumers,consum,consum,consum,consumer
proved,prove,prove,prov,proved
improve,improv,improv,improv,improv
couple,coupl,coupl,coupl,coupl
station,station,station,stat,station
countenance,counten,counten,count,countenanc
counsel,counsel,counsel,counsel,counsel
cubits,cubit,cubit,cubit,cubit
iranian,iranian,iranian,ir,iranian
aware,awar,awar,aw,awar
supposed,suppos,suppos,suppos,supposed
assure,assur,assur,ass,assur
interview,interview,interview,interview,interview
hotel,hotel,hotel,hotel,hotel
hole,hole,hole,hol,hol
metal,metal,metal,met,metal
largely,larg,larg,larg,largely
diluted,dilut,dilut,dilut,diluted
divided,divid,divid,divid,divided
obtained,obtain,obtain,obtain,obtained
style,style,style,styl,styl
language,languag,languag,langu,languag
failure,failur,failur,fail,failur
park,park,park,park,park
conduct,conduct,conduct,conduc,conduct
committed,commit,commit,commit,committed
empty,empti,empti,empty,empty
wherein,wherein,wherein,wherein,wherein
undisclosed,undisclos,undisclos,undisclos,undisclosed
minimum,minimum,minimum,minim,minimum
teach,teach,teach,teach,teach
purchased,purchas,purchas,purchas,purchased
closing,close,close,clos,clos
mentioned,mention,mention,ment,mentioned
expenses,expens,expens,expens,expense
speed,speed,speed,spee,speed
samuel,samuel,samuel,samuel,samuel
village,villag,villag,vil,villag
combined,combin,combin,combin,combined
earned,earn,earn,earn,earned
shows,show,show,show,show
provisions,provis,provis,provid,provision
bull,bull,bull,bul,bull
announcement,announc,announc,annount,announcement
competition,competit,competit,competit,competition
event,event,event,ev,event
carriage,carriag,carriag,carry,carriag
tall,tall,tall,tal,tall
laugh,laugh,laugh,laugh,laugh
sins,sin,sin,sin,sin
falls,fall,fall,fal,fall
surprised,surpris,surpris,surpr,surprised
woe,woe,woe,woe,woe
beasts,beast,beast,beast,beast
slew,slew,slew,slew,slew
ocean,ocean,ocean,oc,ocean
san,san,san,san,san
laughing,laugh,laugh,laugh,laugh
begun,begun,begun,begun,begun
refused,refus,refus,refus,refused
relief,relief,relief,reliev,relief
setting,set,set,set,sett
dress,dress,dress,dress,dres
dance,danc,danc,dant,danc
lamb,lamb,lamb,lamb,lamb
walls,wall,wall,wal,wall
loose,loos,loos,loos,loos
items,item,item,item,item
arabia,arabia,arabia,arab,arabia
majority,major,major,maj,majority
importance,import,import,import,importanc
precious,preciou,precious,precy,preciou
moves,move,move,mov,move
method,method,method,method,method
store,store,store,stor,stor
richard,richard,richard,richard,richard
coat,coat,coat,coat,coat
salvation,salvat,salvat,salv,salvation
owns,own,own,own,own
role,role,role,rol,rol
shadow,shadow,shadow,shadow,shadow
putting,put,put,put,putt
poet,poet,poet,poet,poet
bless,bless,bless,bless,bles
suggested,suggest,suggest,suggest,suggested
heavens,heaven,heaven,heav,heaven
plants,plant,plant,plant,plant
slain,slain,slain,slain,slain
creature,creatur,creatur,cre,creatur
prospects,prospect,prospect,prospect,prospect
applied,appli,appli,apply,applied
affairs,affair,affair,affair,affair
somehow,somehow,somehow,somehow,somehow
clouds,cloud,cloud,cloud,cloud
starting,start,start,start,start
purposes,purpos,purpos,purpos,purpose
beat,beat,beat,beat,beat
bird,bird,bird,bird,bird
accounts,account,account,account,account
unclean,unclean,unclean,unc,unclean
requirements,requir,requir,requir,requirement
unemployment,unemploy,unemploy,unemploy,unemployment
choose,choos,choos,choos,choos
lies,lie,lie,lie,lie
stronger,stronger,stronger,stronger,stronger
aye,aye,aye,ay,aye
numbers,number,number,numb,number
stands,stand,stand,stand,stand
suffered,suffer,suffer,suff,suffered
calm,calm,calm,calm,calm
crops,crop,crop,crop,crop
fail,fail,fail,fail,fail
carefully,care,care,car,carefully
raising,rais,rais,rais,rais
actions,action,action,act,action
smaller,smaller,smaller,smal,smaller
legislation,legisl,legisl,legisl,legislation
cyclops,cyclop,cyclop,cyclop,cyclop
tis,ti,tis,tis,tis
blow,blow,blow,blow,blow
shop,shop,shop,shop,shop
bones,bone,bone,bon,bone
customer,custom,custom,custom,customer
oils,oil,oil,oil,oil
cooperation,cooper,cooper,coop,cooperation
liquidity,liquid,liquid,liquid,liquidity
stable,stabl,stabl,stabl,st
forgotten,forgotten,forgotten,forgot,forgotten
happen,happen,happen,hap,happen
presented,present,present,pres,presented
consideration,consider,consider,consid,consideration
narrow,narrow,narrow,narrow,narrow
fears,fear,fear,fear,fear
flat,flat,flat,flat,flat
solid,solid,solid,solid,solid
mass,mass,mass,mass,mas
lack,lack,lack,lack,lack
barley,barley,barley,barley,barley
spite,spite,spite,spit,spit
difficulty,difficulti,difficulti,difficul,difficulty
intent,intent,intent,int,intent
fool,fool,fool,fool,fool
extent,extent,extent,ext,extent
adam,adam,adam,adam,adam
outlook,outlook,outlook,outlook,outlook
starbuck,starbuck,starbuck,starbuck,starbuck
brazilian,brazilian,brazilian,brazil,brazilian
television,televis,televis,televid,television
carrying,carri,carri,carry,carry
legal,legal,legal,leg,legal
application,applic,applic,apply,application
upward,upward,upward,upward,upward
customers,custom,custom,custom,customer
retail,retail,retail,retail,retail
actual,actual,actual,act,actual
resolution,resolut,resolut,resolv,resolution
occasion,occas,occas,occas,occasion
liberty,liberti,liberti,liberty,liberty
songs,song,song,song,song
bringing,bring,bring,bring,bring
discuss,discuss,discuss,discuss,discus
dog,dog,dog,dog,dog
pull,pull,pull,pul,pull
joe,joe,joe,joe,joe
seasonally,season,season,season,seasonally
intended,intend,intend,intend,intended
grand,grand,grand,grand,grand
temporary,temporari,temporari,temp,temporary
determine,determin,determin,determin,determin
nay,nay,nay,nay,nay
morgan,morgan,morgan,morg,morgan
unlikely,unlik,unlik,unlik,unlikely
false,fals,fals,fals,fals
hid,hid,hid,hid,hid
wednesday,wednesday,wednesday,wednesday,wednesday
lands,land,land,land,land
nose,nose,nose,nos,nos
archer,archer,archer,arch,archer
overall,overal,overal,overal,overall
honest,honest,honest,honest,honest
singing,sing,sing,sing,sing
smiling,smile,smile,smil,smil
finding,find,find,find,find
vessel,vessel,vessel,vessel,vessel
branches,branch,branch,branch,branche
angels,angel,angel,angel,angel
physical,physic,physic,phys,physical
reaction,reaction,reaction,react,reaction
slight,slight,slight,slight,slight
parent,parent,parent,par,parent
declare,declar,declar,decl,declar
marked,mark,mark,mark,marked
religious,religi,religi,religy,religiou
divine,divin,divin,divin,divin
option,option,option,opt,option
nigh,nigh,nigh,nigh,nigh
soybeans,soybean,soybean,soyb,soybean
imagine,imagin,imagin,imagin,imagin
matters,matter,matter,mat,matter
convinced,convinc,convinc,convint,convinced
leg,leg,leg,leg,leg
shoulder,shoulder,shoulder,should,shoulder
remarks,remark,remark,remark,remark
ere,ere,ere,er,ere
risen,risen,risen,ris,risen
whosoever,whosoev,whosoev,whosoev,whosoever
controls,control,control,control,control
shipment,shipment,shipment,ship,shipment
twa,twa,twa,twa,twa
granted,grant,grant,grant,granted
sufficient,suffici,suffici,sufficy,sufficient
charged,charg,charg,charg,charged
reigned,reign,reign,reign,reigned
leader,leader,leader,lead,leader
employees,employe,employe,employ,employee
waited,wait,wait,wait,waited
cook,cook,cook,cook,cook
tin,tin,tin,tin,tin
damage,damag,damag,dam,damag
breakfast,breakfast,breakfast,breakfast,breakfast
reasonable,reason,reason,reason,reason
superior,superior,superior,supery,superior
memory,memori,memori,mem,memory
possession,possess,possess,possess,possession
watching,watch,watch,watch,watch
advance,advanc,advanc,adv,advanc
playing,play,play,play,play
thousands,thousand,thousand,thousand,thousand
sail,sail,sail,sail,sail
indian,indian,indian,ind,indian
sells,sell,sell,sel,sell
radio,radio,radio,radio,radio
catch,catch,catch,catch,catch
marry,marri,marri,marry,marry
skin,skin,skin,skin,skin
lying,lie,lie,lying,ly
wings,wing,wing,wing,wing
maximum,maximum,maximum,maxim,maximum
institutions,institut,institut,institut,institution
played,play,play,play,played
sad,sad,sad,sad,sad
worthy,worthi,worthi,worthy,worthy
interesting,interest,interest,interest,interest
likewise,likewis,likewis,likew,likewis
vision,vision,vision,vis,vision
allied,alli,alli,al,allied
reflected,reflect,reflect,reflect,reflected
signal,signal,signal,sign,signal
seventh,seventh,seventh,seven,seventh
birds,bird,bird,bird,bird
cable,cabl,cabl,cabl,c
affection,affect,affect,affect,affection
sisters,sister,sister,sist,sister
civil,civil,civil,civil,civil
employment,employ,employ,employ,employment
opposite,opposit,opposit,opposit,opposit
moral,moral,moral,mor,moral
famous,famou,famous,fam,famou
burn,burn,burn,burn,burn
release,releas,releas,releas,releas
methods,method,method,method,method
generation,gener,generat,gen,generation
benjamin,benjamin,benjamin,benjamin,benjamin
fuel,fuel,fuel,fuel,fuel
swiss,swiss,swiss,swiss,swis
acquisitions,acquisit,acquisit,acquisit,acquisition
truly,truli,truli,tru,truly
occurred,occur,occur,occur,occurred
flying,fli,fli,fly,fly
advanced,advanc,advanc,adv,advanced
arrived,arriv,arriv,ar,arrived
ancient,ancient,ancient,ant,ancient
italian,italian,italian,it,italian
buried,buri,buri,bury,buried
smoke,smoke,smoke,smok,smok
maker,maker,maker,mak,maker
monthly,monthli,month,month,monthly
authorities,author,author,auth,authoritie
jack,jack,jack,jack,jack
boston,boston,boston,boston,boston
relatively,rel,relat,rel,relatively
developing,develop,develop,develop,develop
ore,ore,ore,or,ore
armed,arm,arm,arm,armed
chase,chase,chase,chas,chas
district,district,district,district,district
thin,thin,thin,thin,thin
laughed,laugh,laugh,laugh,laughed
recovery,recoveri,recoveri,recovery,recovery
treatment,treatment,treatment,tre,treatment
remove,remov,remov,remov,remov
completion,complet,complet,complet,completion
commandment,command,command,command,commandment
grade,grade,grade,grad,grad
competitive,competit,competit,competit,competitiv
yeutter,yeutter,yeutter,yeut,yeutter
introduced,introduc,introduc,introduc,introduced
train,train,train,train,train
discovered,discov,discov,discov,discovered
touched,touch,touch,touch,touched
prove,prove,prove,prov,prov
burst,burst,burst,burst,burst
grant,grant,grant,grant,grant
russell,russel,russel,russel,russell
burning,burn,burn,burn,burn
published,publish,publish,publ,published
eastern,eastern,eastern,eastern,eastern
ico,ico,ico,ico,ico
tea,tea,tea,tea,tea
journey,journey,journey,journey,journey
released,releas,releas,releas,released
pulled,pull,pull,pul,pulled
religion,religion,religion,relig,religion
planted,plant,plant,plant,planted
brass,brass,brass,brass,bras
prison,prison,prison,prison,prison
economist,economist,economist,econom,economist
options,option,option,opt,option
sorrow,sorrow,sorrow,sorrow,sorrow
guess,guess,guess,guess,gues
exclaimed,exclaim,exclaim,exclaim,exclaimed
attend,attend,attend,attend,attend
eternal,etern,etern,etern,eternal
noble,nobl,nobl,nobl,nobl
taxes,tax,tax,tax,taxe
operate,oper,oper,op,operat
posted,post,post,post,posted
content,content,content,cont,content
ephraim,ephraim,ephraim,ephraim,ephraim
filed,file,file,fil,filed
kong,kong,kong,kong,kong
lawson,lawson,lawson,lawson,lawson
match,match,match,match,match
telling,tell,tell,tel,tell
pattern,pattern,pattern,pattern,pattern
design,design,design,design,design
nice,nice,nice,nic,nic
seas,sea,sea,sea,sea
salt,salt,salt,salt,salt
neighbour,neighbour,neighbour,neighbo,neighbour
attorney,attorney,attorney,attorney,attorney
basket,basket,basket,basket,basket
aimed,aim,aim,aim,aimed
patient,patient,patient,paty,patient
pocket,pocket,pocket,pocket,pocket
equivalent,equival,equival,equ,equivalent
wash,wash,wash,wash,wash
milk,milk,milk,milk,milk
stick,stick,stick,stick,stick
package,packag,packag,pack,packag
chinese,chines,chines,chines,chines
african,african,african,afr,african
ounces,ounc,ounc,ount,ounce
cecilia,cecilia,cecilia,cecil,cecilia
gasoline,gasolin,gasolin,gasolin,gasolin
claim,claim,claim,claim,claim
altogether,altogeth,altogeth,altogeth,altogether
hung,hung,hung,hung,hung
wives,wive,wive,wiv,wive
chair,chair,chair,chair,chair
clock,clock,clock,clock,clock
bar,bar,bar,bar,bar
bay,bay,bay,bay,bay
legs,leg,leg,leg,leg
representative,repres,repres,repres,representativ
spend,spend,spend,spend,spend
uncle,uncl,uncl,unc,uncl
friendly,friendli,friend,friend,friendly
keeping,keep,keep,keep,keep
asking,ask,ask,ask,ask
push,push,push,push,push
cool,cool,cool,cool,cool
distant,distant,distant,dist,distant
establish,establish,establish,est,establish
protection,protect,protect,protect,protection
depart,depart,depart,depart,depart
reference,refer,refer,ref,referenc
prayer,prayer,prayer,pray,prayer
pity,piti,piti,pity,pity
thrown,thrown,thrown,thrown,thrown
maid,maid,maid,maid,maid
measured,measur,measur,meas,measured
soldiers,soldier,soldier,soldy,soldier
desolate,desol,desol,desol,desolat
spain,spain,spain,spain,spain
overseas,oversea,oversea,oversea,oversea
manners,manner,manner,man,manner
feared,fear,fear,fear,feared
ordered,order,order,ord,ordered
resolved,resolv,resolv,resolv,resolved
events,event,event,ev,event
destruction,destruct,destruct,destruct,destruction
ability,abil,abil,abl,ability
search,search,search,search,search
expand,expand,expand,expand,expand
color,color,color,col,color
bonus,bonu,bonus,bon,bonu
kindness,kind,kind,kind,kindnes
exercise,exercis,exercis,exerc,exercis
height,height,height,height,height
discussions,discuss,discuss,discuss,discussion
fifth,fifth,fifth,fif,fifth
ghost,ghost,ghost,ghost,ghost
rolled,roll,roll,rol,rolled
utterly,utterli,utter,ut,utterly
democratic,democrat,democrat,democr,democratic
training,train,train,train,train
pequod,pequod,pequod,pequod,pequod
handsome,handsom,handsom,handsom,handsom
existence,exist,exist,ex,existenc
becomes,becom,becom,becom,become
attitude,attitud,attitud,attitud,attitud
sept,sept,sept,sept,sept
thanks,thank,thank,thank,thank
driven,driven,driven,driv,driven
prepare,prepar,prepar,prep,prepar
thursday,thursday,thursday,thursday,thursday
fought,fought,fought,fought,fought
machine,machin,machin,machin,machin
hong,hong,hong,hong,hong
cars,car,car,car,car
corporate,corpor,corpor,corp,corporat
refinery,refineri,refineri,refinery,refinery
beloved,belov,belov,belov,beloved
worst,worst,worst,worst,worst
explained,explain,explain,explain,explained
scale,scale,scale,scal,scal
inch,inch,inch,inch,inch
rapidly,rapidli,rapid,rapid,rapidly
denied,deni,deni,deny,denied
wonderful,wonder,wonder,wond,wonderful
hide,hide,hide,hid,hid
scientific,scientif,scientif,sci,scientific
commandments,command,command,command,commandment
michael,michael,michael,michael,michael
star,star,star,star,star
maybe,mayb,mayb,mayb,mayb
smiled,smile,smile,smil,smiled
parents,parent,parent,par,parent
presently,present,present,pres,presently
pounds,pound,pound,pound,pound
gets,get,get,get,get
violence,violenc,violenc,viol,violenc
count,count,count,count,count
atlantic,atlant,atlant,atl,atlantic
burned,burn,burn,burn,burned
drilling,drill,drill,dril,drill
shortage,shortag,shortag,short,shortag
consequence,consequ,consequ,consequ,consequenc
fond,fond,fond,fond,fond
circle,circl,circl,circ,circl
affect,affect,affect,affect,affect
desired,desir,desir,desir,desired
bath,bath,bath,bath,bath
crowd,crowd,crowd,crowd,crowd
external,extern,extern,extern,external
moab,moab,moab,moab,moab
structure,structur,structur,structure,structur
status,statu,status,stat,statu
kennedy,kennedi,kennedi,kennedy,kennedy
forecasts,forecast,forecast,forecast,forecast
odd,odd,odd,od,odd
listen,listen,listen,list,listen
windows,window,window,window,window
bodies,bodi,bodi,body,bodie
burden,burden,burden,burd,burden
connection,connect,connect,connect,connection
lake,lake,lake,lak,lak
appropriate,appropri,appropri,appropry,appropriat
population,popul,popul,pop,population
trend,trend,trend,trend,trend
totalled,total,total,total,totalled
shearson,shearson,shearson,shearson,shearson
expression,express,express,express,expression
knife,knife,knife,knif,knif
urged,urg,urg,urg,urged
path,path,path,path,path
excess,excess,excess,excess,exces
continually,continu,continu,contin,continually
guard,guard,guard,guard,guard
medium,medium,medium,med,medium
valued,valu,valu,valu,valued
winds,wind,wind,wind,wind
bags,bag,bag,bag,bag
whatsoever,whatsoev,whatsoev,whatsoev,whatsoever
feast,feast,feast,feast,feast
continental,continent,continent,contin,continental
percentage,percentag,percentag,perc,percentag
factor,factor,factor,fact,factor
scheme,scheme,scheme,scheme,schem
mile,mile,mile,mil,mil
whenever,whenev,whenev,whenev,whenever
supper,supper,supper,sup,supper
birth,birth,birth,bir,birth
severe,sever,sever,sev,sever
whence,whenc,whenc,whent,whenc
thither,thither,thither,thith,thither
anybody,anybodi,anybodi,anybody,anybody
thomas,thoma,thoma,thoma,thoma
coal,coal,coal,coal,coal
investments,invest,invest,invest,investment
buyout,buyout,buyout,buyout,buyout
watched,watch,watch,watch,watched
safety,safeti,safeti,saf,safety
branch,branch,branch,branch,branch
believes,believ,believ,believ,believe
explain,explain,explain,explain,explain
gun,gun,gun,gun,gun
tail,tail,tail,tail,tail
wheel,wheel,wheel,wheel,wheel
negro,negro,negro,negro,negro
certificates,certif,certif,cert,certificate
johnson,johnson,johnson,johnson,johnson
nuclear,nuclear,nuclear,nuclear,nuclear
companion,companion,companion,comp,companion
observe,observ,observ,observ,observ
difficulties,difficulti,difficulti,difficul,difficultie
shewed,shew,shew,shew,shewed
possess,possess,possess,possess,posses
headed,head,head,head,headed
guinea,guinea,guinea,guine,guinea
shortly,shortli,short,short,shortly
election,elect,elect,elect,election
heathen,heathen,heathen,heath,heathen
asia,asia,asia,as,asia
develop,develop,develop,develop,develop
gnp,gnp,gnp,gnp,gnp
hurry,hurri,hurri,hurry,hurry
curiosity,curios,curios,curios,curiosity
practice,practic,practic,pract,practic
negative,neg,negat,neg,negativ
fingers,finger,finger,fing,finger
troubled,troubl,troubl,troubl,troubled
swift,swift,swift,swift,swift
everyone,everyon,everyon,everyon,everyon
mention,mention,mention,ment,mention
chamber,chamber,chamber,chamb,chamber
closely,close,close,clos,closely
covering,cover,cover,cov,cover
suspended,suspend,suspend,suspend,suspended
faced,face,face,fac,faced
ruling,rule,rule,rul,rul
predicted,predict,predict,predict,predicted
transactions,transact,transact,transact,transaction
vpon,vpon,vpon,vpon,vpon
brutus,brutu,brutus,brut,brutu
guilders,guilder,guilder,guild,guilder
shook,shook,shook,shook,shook
generations,gener,generat,gen,generation
foundation,foundat,foundat,found,foundation
reply,repli,repli,reply,reply
souls,soul,soul,soul,soul
fly,fli,fli,fly,fly
constant,constant,constant,const,constant
finger,finger,finger,fing,finger
rivers,river,river,riv,river
judgments,judgment,judgment,judg,judgment
audience,audienc,audienc,audy,audienc
piedro,piedro,piedro,piedro,piedro
liked,like,like,lik,liked
hartfield,hartfield,hartfield,hartfield,hartfield
depend,depend,depend,depend,depend
pushed,push,push,push,pushed
ring,ring,ring,ring,r
accounting,account,account,account,account
testimony,testimoni,testimoni,testimony,testimony
bulk,bulk,bulk,bulk,bulk
didst,didst,didst,didst,didst
settlement,settlement,settlement,settl,settlement
wage,wage,wage,wag,wag
approximately,approxim,approxim,approxim,approximately
voting,vote,vote,vot,vot
purolator,purol,purol,purol,purolator
discussion,discuss,discuss,discuss,discussion
address,address,address,address,addres
seriously,serious,serious,sery,seriously
grounds,ground,ground,ground,ground
weekly,weekli,week,week,weekly
theory,theori,theori,the,theory
poems,poem,poem,poem,poem
representatives,repres,repres,repres,representative
naked,nake,nake,nak,naked
zion,zion,zion,zion,zion
dealer,dealer,dealer,deal,dealer
churches,church,church,church,churche
animal,anim,anim,anim,animal
franklin,franklin,franklin,franklin,franklin
dividends,dividend,dividend,dividend,dividend
offset,offset,offset,offset,offset
completes,complet,complet,complet,complete
consolidated,consolid,consolid,consolid,consolidated
secure,secur,secur,sec,secur
instance,instanc,instanc,inst,instanc
bates,bate,bate,bat,bate
scarcely,scarc,scarc,scarc,scarcely
fashion,fashion,fashion,fash,fashion
yards,yard,yard,yard,yard
message,messag,messag,mess,messag
hearken,hearken,hearken,heark,hearken
elements,element,element,el,element
platform,platform,platform,platform,platform
convertible,convert,convert,convert,convertibl
electronics,electron,electron,electron,electronic
warner,warner,warner,warn,warner
kuwait,kuwait,kuwait,kuwait,kuwait
threw,threw,threw,threw,threw
newly,newli,newli,new,newly
associates,associ,associ,assocy,associate
contrary,contrari,contrari,cont,contrary
companions,companion,companion,comp,companion
quietly,quietli,quiet,quiet,quietly
degrees,degre,degre,degr,degree
captains,captain,captain,captain,captain
brandon,brandon,brandon,brandon,brandon
controlled,control,control,control,controlled
raw,raw,raw,raw,raw
crowns,crown,crown,crown,crown
rome,rome,rome,rom,rom
proceeds,proce,proceed,process,proceed
amounts,amount,amount,amount,amount
bureau,bureau,bureau,bureau,bureau
returning,return,return,return,return
obviously,obvious,obvious,obvy,obviously
statements,statement,statement,stat,statement
lyng,lyng,lyng,lyng,lyng
comfortable,comfort,comfort,comfort,comfort
somebody,somebodi,somebodi,somebody,somebody
gained,gain,gain,gain,gained
meetings,meet,meet,meet,meeting
shoulders,shoulder,shoulder,should,shoulder
delay,delay,delay,delay,delay
projects,project,project,project,project
voices,voic,voic,voic,voice
speculation,specul,specul,spec,speculation
curse,curs,curs,curs,curs
privately,privat,privat,priv,privately
showing,show,show,show,show
temperature,temperatur,temperatur,temp,temperatur
electronic,electron,electron,electron,electronic
temper,temper,temper,temp,temper
frequently,frequent,frequent,frequ,frequently
confusion,confus,confus,confus,confusion
discussed,discuss,discuss,discuss,discussed
opposition,opposit,opposit,opposit,opposition
permit,permit,permit,permit,permit
woods,wood,wood,wood,wood
whither,whither,whither,whith,whither
reform,reform,reform,reform,reform
benefits,benefit,benefit,benefit,benefit
zealand,zealand,zealand,zealand,zealand
marine,marin,marin,marin,marin
ton,ton,ton,ton,ton
regulatory,regulatori,regulatori,reg,regulatory
iraq,iraq,iraq,iraq,iraq
cease,ceas,ceas,ceas,ceas
deny,deni,deni,deny,deny
variety,varieti,varieti,vary,variety
henry,henri,henri,henry,henry
eager,eager,eager,eag,eager
powerful,power,power,pow,powerful
begins,begin,begin,begin,begin
dixons,dixon,dixon,dixon,dixon
create,creat,creat,cre,creat
preliminary,preliminari,preliminari,prelimin,preliminary
associated,associ,associ,assocy,associated
poured,pour,pour,pour,poured
stated,state,state,stat,stated
traded,trade,trade,trad,traded
gray,gray,gray,gray,gray
caesars,caesar,caesar,caes,caesar
provides,provid,provid,provid,provide
bru,bru,bru,bru,bru
moscow,moscow,moscow,moscow,moscow
papa,papa,papa,pap,papa
employed,employ,employ,employ,employed
survey,survey,survey,survey,survey
fairly,fairli,fair,fair,fairly
strongly,strongli,strong,strongly,strongly
ceiling,ceil,ceil,ceil,ceil
roll,roll,roll,rol,roll
sanctuary,sanctuari,sanctuari,sanctu,sanctuary
jeremiah,jeremiah,jeremiah,jeremiah,jeremiah
continues,continu,continu,continu,continue
calendar,calendar,calendar,calend,calendar
nearer,nearer,nearer,near,nearer
brings,bring,bring,bring,bring
sand,sand,sand,sand,sand
greek,greek,greek,greek,greek
spanish,spanish,spanish,span,spanish
plane,plane,plane,plan,plan
processing,process,process,process,process
via,via,via,via,via
taft,taft,taft,taft,taft
sec,sec,sec,sec,sec
proof,proof,proof,proof,proof
treated,treat,treat,tre,treated
pace,pace,pace,pac,pac
foolish,foolish,foolish,fool,foolish
encourage,encourag,encourag,enco,encourag
instantly,instantli,instant,inst,instantly
innocent,innoc,innoc,innoc,innocent
popular,popular,popular,popul,popular
bids,bid,bid,bid,bid
universe,univers,univers,univers,univers
substantially,substanti,substanti,subst,substantially
hal,hal,hal,hal,hal
eaten,eaten,eaten,eat,eaten
confirmed,confirm,confirm,confirm,confirmed
anxious,anxiou,anxious,anxy,anxiou
sheet,sheet,sheet,sheet,sheet
deposit,deposit,deposit,deposit,deposit
expectations,expect,expect,expect,expectation
proceed,proceed,proceed,process,proceed
cottage,cottag,cottag,cot,cottag
forgive,forgiv,forgiv,forg,forgiv
scattered,scatter,scatter,scat,scattered
statutes,statut,statut,statut,statute
network,network,network,network,network
voyage,voyag,voyag,voy,voyag
someone,someon,someon,someon,someon
contained,contain,contain,contain,contained
dangerous,danger,danger,dang,dangerou
midnight,midnight,midnight,midnight,midnight
indicate,indic,indic,ind,indicat
wet,wet,wet,wet,wet
bitter,bitter,bitter,bit,bitter
frederick,frederick,frederick,frederick,frederick
stretched,stretch,stretch,stretched,stretched
pit,pit,pit,pit,pit
disease,diseas,diseas,diseas,diseas
access,access,access,access,acces
student,student,student,stud,student
manufacturers,manufactur,manufactur,manufact,manufacturer
authorized,author,author,auth,authorized
jobs,job,job,job,job
chrysler,chrysler,chrysler,chrysler,chrysler
informed,inform,inform,inform,informed
careful,care,care,car,careful
conscience,conscienc,conscienc,conscy,conscienc
hardy,hardi,hardi,hardy,hardy
substance,substanc,substanc,subst,substanc
projected,project,project,project,projected
heavily,heavili,heavili,heavy,heavily
transport,transport,transport,transport,transport
manasseh,manasseh,manasseh,manasseh,manasseh
fighting,fight,fight,fight,fight
mast,mast,mast,mast,mast
hospital,hospit,hospit,hospit,hospital
engineering,engin,engin,engin,engineer
commodities,commod,commod,commod,commoditie
venezuela,venezuela,venezuela,venezuel,venezuela
mistress,mistress,mistress,mistress,mistres
absence,absenc,absenc,abs,absenc
vanity,vaniti,vaniti,van,vanity
mistake,mistak,mistak,mistak,mistak
engagement,engag,engag,eng,engagement
faithful,faith,faith,faith,faithful
concluded,conclud,conclud,conclud,concluded
mortgage,mortgag,mortgag,mortg,mortgag
palmer,palmer,palmer,palm,palmer
bottle,bottl,bottl,bottl,bottl
verily,verili,verili,very,verily
fierce,fierc,fierc,fierc,fierc
sabbath,sabbath,sabbath,sabba,sabbath
beard,beard,beard,beard,beard
satan,satan,satan,sat,satan
recorded,record,record,record,recorded
governments,govern,govern,govern,government
types,type,type,typ,type
hutton,hutton,hutton,hutton,hutton
transportation,transport,transport,transport,transportation
housing,hous,hous,hous,hous
satisfaction,satisfact,satisfact,satisfact,satisfaction
busy,busi,busi,busy,busy
decide,decid,decid,decid,decid
literature,literatur,literatur,lit,literatur
motion,motion,motion,mot,motion
rooms,room,room,room,room
dancing,danc,danc,dant,danc
sounds,sound,sound,sound,sound
wickedness,wicked,wicked,wick,wickednes
spoil,spoil,spoil,spoil,spoil
unable,unabl,unabl,un,un
supported,support,support,support,supported
tent,tent,tent,tent,tent
wave,wave,wave,wav,wav
file,file,file,fil,fil
joab,joab,joab,joab,joab
murder,murder,murder,murd,murder
seamen,seamen,seamen,seam,seamen
objective,object,object,object,objectiv
aircraft,aircraft,aircraft,aircraft,aircraft
versus,versu,versus,vers,versu
suffering,suffer,suffer,suff,suffer
liberal,liber,liber,lib,liberal
features,featur,featur,feat,feature
flock,flock,flock,flock,flock
brain,brain,brain,brain,brain
modest,modest,modest,modest,modest
shake,shake,shake,shak,shak
saturday,saturday,saturday,saturday,saturday
bowed,bow,bow,bow,bowed
reward,reward,reward,reward,reward
entrance,entranc,entranc,ent,entranc
cousin,cousin,cousin,cousin,cousin
beach,beach,beach,beach,beach
studies,studi,studi,study,studie
isaac,isaac,isaac,isaac,isaac
tribes,tribe,tribe,trib,tribe
rod,rod,rod,rod,rod
incense,incens,incens,incens,incens
combination,combin,combin,combin,combination
motor,motor,motor,mot,motor
machinery,machineri,machineri,machinery,machinery
cubic,cubic,cubic,cub,cubic
communist,communist,communist,commun,communist
subsidies,subsidi,subsidi,subsidy,subsidie
semiconductor,semiconductor,semiconductor,semiconduc,semiconductor
moments,moment,moment,mom,moment
rapid,rapid,rapid,rapid,rapid
escaped,escap,escap,escap,escaped
tired,tire,tire,tir,tired
weakness,weak,weak,weak,weaknes
spare,spare,spare,spar,spar
hither,hither,hither,hith,hither
mixed,mix,mix,mix,mixed
bearing,bear,bear,bear,bear
wrought,wrought,wrought,wrought,wrought
mar,mar,mar,mar,mar
middleton,middleton,middleton,middleton,middleton
chain,chain,chain,chain,chain
spiritual,spiritu,spiritu,spirit,spiritual
complex,complex,complex,complex,complex
selfe,self,self,self,self
malaysia,malaysia,malaysia,malays,malaysia
adjustment,adjust,adjust,adjust,adjustment
colombia,colombia,colombia,colomb,colombia
advice,advic,advic,adv,advic
throw,throw,throw,throw,throw
pick,pick,pick,pick,pick
brief,brief,brief,brief,brief
somewhere,somewher,somewher,somewh,somewher
bridge,bridg,bridg,bridg,bridg
numbered,number,number,numb,numbered
warned,warn,warn,warn,warned
picked,pick,pick,pick,picked
campaign,campaign,campaign,campaign,campaign
santa,santa,santa,sant,santa
responsibility,respons,respons,respons,responsibility
traditional,tradit,tradit,tradit,traditional
louvre,louvr,louvr,louvr,louvr
paying,pay,pay,pay,pay
plenty,plenti,plenti,plenty,plenty
sore,sore,sore,sor,sor
philip,philip,philip,philip,philip
sum,sum,sum,sum,sum
swear,swear,swear,swear,swear
dominion,dominion,dominion,domin,dominion
eve,eve,eve,ev,eve
evan,evan,evan,ev,evan
storage,storag,storag,stor,storag
positions,posit,posit,posit,position
definitive,definit,definit,definit,definitiv
oecd,oecd,oecd,oecd,oecd
mutual,mutual,mutual,mut,mutual
apart,apart,apart,apart,apart
expense,expens,expens,expens,expens
achieved,achiev,achiev,achiev,achieved
eating,eat,eat,eat,eat
universal,univers,univers,univers,universal
naturally,natur,natur,nat,naturally
glance,glanc,glanc,glant,glanc
capable,capabl,capabl,cap,cap
bent,bent,bent,bent,bent
appeal,appeal,appeal,ap,appeal
instruments,instrument,instrument,instru,instrument
professional,profession,profession,profess,professional
essential,essenti,essenti,ess,essential
stayed,stay,stay,stay,stayed
lowered,lower,lower,low,lowered
latin,latin,latin,latin,latin
illinois,illinoi,illinoi,illino,illinoi
singapore,singapor,singapor,singap,singapor
bancorp,bancorp,bancorp,bancorp,bancorp
borg,borg,borg,borg,borg
entering,enter,enter,ent,enter
card,card,card,card,card
baby,babi,babi,baby,baby
views,view,view,view,view
violent,violent,violent,viol,violent
rev,rev,rev,rev,rev
amid,amid,amid,amid,amid
ice,ice,ice,ic,ice
tables,tabl,tabl,tabl,table
offices,offic,offic,off,office
resulting,result,result,result,result
suburbs,suburb,suburb,suburb,suburb
ohio,ohio,ohio,ohio,ohio
virginia,virginia,virginia,virgin,virginia
hudson,hudson,hudson,hudson,hudson
ccc,ccc,ccc,ccc,ccc
gentle,gentl,gentl,gentl,gentl
apparent,appar,appar,app,apparent
judged,judg,judg,judg,judged
intention,intent,intent,int,intention
facts,fact,fact,fact,fact
throat,throat,throat,throat,throat
meanwhile,meanwhil,meanwhil,meanwhil,meanwhil
hughes,hugh,hugh,hugh,hughe
delayed,delay,delay,delay,delayed
haste,hast,hast,hast,hast
dan,dan,dan,dan,dan
bag,bag,bag,bag,bag
daniel,daniel,daniel,daniel,daniel
soil,soil,soil,soil,soil
lawrence,lawrenc,lawrenc,lawr,lawrenc
freight,freight,freight,freight,freight
older,older,older,old,older
instrument,instrument,instrument,instru,instrument
formal,formal,formal,form,formal
practices,practic,practic,pract,practice
ranging,rang,rang,rang,rang
captivity,captiv,captiv,capt,captivity
jonathan,jonathan,jonathan,jonath,jonathan
mexico,mexico,mexico,mexico,mexico
macb,macb,macb,macb,macb
merge,merg,merg,merg,merg
reducing,reduc,reduc,reduc,reduc
useful,use,use,us,useful
harm,harm,harm,harm,harm
meal,meal,meal,meal,meal
settle,settl,settl,settl,settl
receiving,receiv,receiv,receiv,receiv
originally,origin,origin,origin,originally
approve,approv,approv,approv,approv
opposed,oppos,oppos,oppos,opposed
tied,tie,tie,tied,tied
limits,limit,limit,limit,limit
flight,flight,flight,flight,flight
realized,realiz,realiz,real,realized
acts,act,act,act,act
fury,furi,furi,fury,fury
obvious,obviou,obvious,obvy,obviou
telecommunications,telecommun,telecommun,telecommun,telecommunication
recommended,recommend,recommend,recommend,recommended
circumstance,circumst,circumst,circumst,circumstanc
female,femal,femal,fem,femal
delighted,delight,delight,delight,delighted
contrast,contrast,contrast,contrast,contrast
creatures,creatur,creatur,cre,creature
acting,act,act,act,act
reality,realiti,realiti,real,reality
jumped,jump,jump,jump,jumped
household,household,household,household,household
rent,rent,rent,rent,rent
goeth,goeth,goeth,goe,goeth
cup,cup,cup,cup,cup
palace,palac,palac,palac,palac
roman,roman,roman,rom,roman
heere,heer,heer,heer,heer
gdp,gdp,gdp,gdp,gdp
pictures,pictur,pictur,pict,picture
objects,object,object,object,object
becoming,becom,becom,becom,becom
borne,born,born,born,born
gradually,gradual,gradual,grad,gradually
storm,storm,storm,storm,storm
interior,interior,interior,intery,interior
kitchen,kitchen,kitchen,kitch,kitchen
peculiar,peculiar,peculiar,peculi,peculiar
handle,handl,handl,handl,handl
sinned,sin,sin,sin,sinned
obtain,obtain,obtain,obtain,obtain
perish,perish,perish,per,perish
assembly,assembl,assembl,assembl,assembly
americans,american,american,am,american
turns,turn,turn,turn,turn
visible,visibl,visibl,vis,visibl
pause,paus,paus,paus,paus
argument,argument,argument,argu,argument
duties,duti,duti,duty,dutie
stairs,stair,stair,stair,stair
adopted,adopt,adopt,adopt,adopted
flood,flood,flood,flood,flood
weapons,weapon,weapon,weapon,weapon
crazy,crazi,crazi,crazy,crazy
whaling,whale,whale,whal,whal
retaliation,retali,retali,reta,retaliation
passion,passion,passion,pass,passion
requires,requir,requir,requir,require
conscious,consciou,conscious,conscy,consciou
apply,appli,appli,apply,apply
breaking,break,break,break,break
check,check,check,check,check
stretch,stretch,stretch,stretch,stretch
bone,bone,bone,bon,bon
familiar,familiar,familiar,famili,familiar
restrictions,restrict,restrict,restrict,restriction
gentiles,gentil,gentil,gentil,gentile
ruled,rule,rule,rul,ruled
maketh,maketh,maketh,make,maketh
thunder,thunder,thunder,thund,thunder
supreme,suprem,suprem,suprem,suprem
biggest,biggest,biggest,biggest,biggest
primarily,primarili,primarili,prim,primarily
fleet,fleet,fleet,fleet,fleet
analysis,analysi,analysi,analys,analysi
imported,import,import,import,imported
warrants,warrant,warrant,war,warrant
friendship,friendship,friendship,friend,friendship
agreeable,agreeabl,agreeabl,agr,agree
goodness,good,good,good,goodnes
regarded,regard,regard,regard,regarded
internal,intern,intern,intern,internal
wore,wore,wore,wor,wor
belief,belief,belief,believ,belief
jones,jone,jone,jon,jone
wilson,wilson,wilson,wilson,wilson
lynch,lynch,lynch,lynch,lynch
foods,food,food,food,food
icco,icco,icco,icco,icco
principles,principl,principl,principl,principle
sex,sex,sex,sex,sex
frightened,frighten,frighten,fright,frightened
pardon,pardon,pardon,pardon,pardon
significantly,significantli,signific,sign,significantly
easier,easier,easier,easy,easier
resulted,result,result,result,resulted
awake,awak,awak,awak,awak
terror,terror,terror,ter,terror
stream,stream,stream,stream,stream
imposed,impos,impos,impos,imposed
alternative,altern,altern,altern,alternativ
musgrove,musgrov,musgrov,musgrov,musgrov
roof,roof,roof,roof,roof
knees,knee,knee,kne,knee
ferrars,ferrar,ferrar,ferr,ferrar
stress,stress,stress,stress,stres
smite,smite,smite,smit,smit
goal,goal,goal,goal,goal
flambeau,flambeau,flambeau,flambeau,flambeau
weekend,weekend,weekend,weekend,weekend
fault,fault,fault,fault,fault
shoes,shoe,shoe,sho,shoe
luck,luck,luck,luck,luck
imagination,imagin,imagin,imagin,imagination
homes,home,home,hom,home
enjoy,enjoy,enjoy,enjoy,enjoy
discovery,discoveri,discoveri,discovery,discovery
drove,drove,drove,drov,drov
faint,faint,faint,faint,faint
demands,demand,demand,demand,demand
exclude,exclud,exclud,exclud,exclud
images,imag,imag,im,image
tower,tower,tower,tow,tower
ivory,ivori,ivori,iv,ivory
mayest,mayest,mayest,mayest,mayest
slay,slay,slay,slay,slay
vegetable,veget,veget,veget,veget
sanctions,sanction,sanction,sanct,sanction
provisional,provision,provision,provid,provisional
distress,distress,distress,distress,distres
prospect,prospect,prospect,prospect,prospect
concerns,concern,concern,concern,concern
ages,age,age,ag,age
thinks,think,think,think,think
unusual,unusu,unusu,unus,unusual
mistaken,mistaken,mistaken,mistak,mistaken
excuse,excus,excus,excus,excus
mostly,mostli,most,most,mostly
dreadful,dread,dread,dread,dreadful
extreme,extrem,extrem,extrem,extrem
comments,comment,comment,com,comment
quarters,quarter,quarter,quart,quarter
renewed,renew,renew,renew,renewed
runs,run,run,run,run
partner,partner,partner,partn,partner
hundreds,hundr,hundr,hundr,hundred
consumed,consum,consum,consum,consumed
protect,protect,protect,protect,protect
garments,garment,garment,gar,garment
giveth,giveth,giveth,give,giveth
mouse,mous,mous,mous,mous
hezekiah,hezekiah,hezekiah,hezekiah,hezekiah
records,record,record,record,record
inches,inch,inch,inch,inche
buyers,buyer,buyer,buy,buyer
acreage,acreag,acreag,acr,acreag
requirement,requir,requir,requir,requirement
threatened,threaten,threaten,threatened,threatened
patience,patienc,patienc,paty,patienc
plague,plagu,plagu,plagu,plagu
upright,upright,upright,upright,upright
confident,confid,confid,confid,confident
persuaded,persuad,persuad,persuad,persuaded
linen,linen,linen,lin,linen
minds,mind,mind,mind,mind
reaching,reach,reach,reach,reach
drinking,drink,drink,drink,drink
transfer,transfer,transfer,transf,transfer
strangers,stranger,stranger,strangers,stranger
movements,movement,movement,mov,movement
rocks,rock,rock,rock,rock
relationship,relationship,relationship,rel,relationship
mankind,mankind,mankind,mankind,mankind
boards,board,board,board,board
flour,flour,flour,flo,flour
shouted,shout,shout,shout,shouted
animals,anim,anim,anim,animal
favor,favor,favor,fav,favor
stations,station,station,stat,station
achieve,achiev,achiev,achiev,achiev
grains,grain,grain,grain,grain
developments,develop,develop,develop,development
miyazawa,miyazawa,miyazawa,miyazaw,miyazawa
pressed,press,press,press,pressed
suggest,suggest,suggest,suggest,suggest
intelligence,intellig,intellig,intellig,intelligenc
reproach,reproach,reproach,reproach,reproach
atmosphere,atmospher,atmospher,atmosph,atmospher
musical,music,music,mus,musical
gift,gift,gift,gift,gift
prey,prey,prey,prey,prey
oxen,oxen,oxen,ox,oxen
targets,target,target,target,target
citizens,citizen,citizen,cit,citizen
threat,threat,threat,threat,threat
gregory,gregori,gregori,greg,gregory
republic,republ,republ,republ,republic
motors,motor,motor,mot,motor
jem,jem,jem,jem,jem
cargo,cargo,cargo,cargo,cargo
doe,doe,doe,doe,doe
pending,pend,pend,pend,pend
zinc,zinc,zinc,zint,zinc
located,locat,locat,loc,located
piedmont,piedmont,piedmont,piedmont,piedmont
strategy,strategi,strategi,strategy,strategy
merrill,merril,merril,merril,merrill
highbury,highburi,highburi,highbury,highbury
properly,properli,proper,prop,properly
afford,afford,afford,afford,afford
affair,affair,affair,affair,affair
flame,flame,flame,flam,flam
exceed,exceed,exceed,excess,exceed
subjects,subject,subject,subject,subject
travel,travel,travel,travel,travel
entertainment,entertain,entertain,entertain,entertainment
traffic,traffic,traffic,traff,traffic
eventually,eventu,eventu,ev,eventually
starts,start,start,start,start
everlasting,everlast,everlast,everlast,everlast
slaughter,slaughter,slaughter,slaught,slaughter
kid,kid,kid,kid,kid
mate,mate,mate,mat,mat
talbot,talbot,talbot,talbot,talbot
film,film,film,film,film
ussr,ussr,ussr,ussr,ussr
growers,grower,grower,grow,grower
restated,restat,restat,rest,restated
comparison,comparison,comparison,comparison,comparison
steadily,steadili,steadili,steady,steadily
pair,pair,pair,pair,pair
acquainted,acquaint,acquaint,acquaint,acquainted
confess,confess,confess,confess,confes
assured,assur,assur,ass,assured
fate,fate,fate,fat,fat
refuse,refus,refus,refus,refus
frame,frame,frame,fram,fram
revealed,reveal,reveal,rev,revealed
adequate,adequ,adequ,adequ,adequat
blessing,bless,bless,bless,bless
nights,night,night,night,night
bold,bold,bold,bold,bold
buildings,build,build,build,building
cursed,curs,curs,curs,cursed
thrust,thrust,thrust,thrust,thrust
samaria,samaria,samaria,samar,samaria
gospel,gospel,gospel,gospel,gospel
corps,corp,corp,corp,corp
registered,regist,regist,reg,registered
facility,facil,facil,facil,facility
aluminium,aluminium,aluminium,alumin,aluminium
rank,rank,rank,rank,rank
assume,assum,assum,assum,assum
introduction,introduct,introduct,introduc,introduction
ride,ride,ride,rid,rid
elizabeth,elizabeth,elizabeth,elizabe,elizabeth
driving,drive,drive,driv,driv
impression,impress,impress,impress,impression
male,male,male,mal,mal
maintenance,mainten,mainten,maint,maintenanc
orange,orang,orang,orang,orang
wells,well,well,wel,well
represented,repres,repres,repres,represented
fig,fig,fig,fig,fig
victory,victori,victori,vict,victory
practical,practic,practic,pract,practical
cabin,cabin,cabin,cabin,cabin
function,function,function,funct,function
ownership,ownership,ownership,own,ownership
cumulative,cumul,cumul,cum,cumulativ
ecus,ecu,ecus,ec,ecu
borrowings,borrow,borrow,borrow,borrowing
independence,independ,independ,independ,independenc
striking,strike,strike,striking,strik
exceedingly,exceedingli,exceed,excess,exceedingly
papers,paper,paper,pap,paper
extend,extend,extend,extend,extend
opportunities,opportun,opportun,opportun,opportunitie
purple,purpl,purpl,purpl,purpl
navy,navi,navi,navy,navy
dogs,dog,dog,dog,dog
riches,rich,rich,rich,riche
assyria,assyria,assyria,assyr,assyria
lad,lad,lad,lad,lad
saints,saint,saint,saint,saint
pipe,pipe,pipe,pip,pip
depth,depth,depth,dep,depth
differences,differ,differ,diff,difference
enterprises,enterpris,enterpris,enterpr,enterprise
yields,yield,yield,yield,yield
trip,trip,trip,trip,trip
team,team,team,team,team
nakasone,nakason,nakason,nakason,nakason
directed,direct,direct,direct,directed
solemn,solemn,solemn,solemn,solemn
pursue,pursu,pursu,pursu,pursu
satisfactory,satisfactori,satisfactori,satisfact,satisfactory
virtue,virtu,virtu,virtu,virtu
communication,commun,communic,commun,communication
evident,evid,evid,evid,evident
wound,wound,wound,wound,wound
accident,accid,accid,accid,accident
flower,flower,flower,flow,flower
stepped,step,step,step,stepped
providing,provid,provid,provid,provid
honor,honor,honor,hon,honor
sixth,sixth,sixth,six,sixth
standards,standard,standard,standard,standard
mills,mill,mill,mil,mill
dart,dart,dart,dart,dart
tradition,tradit,tradit,tradit,tradition
savage,savag,savag,sav,savag
catholic,cathol,cathol,cathol,catholic
liquid,liquid,liquid,liquid,liquid
vital,vital,vital,vit,vital
volcker,volcker,volcker,volck,volcker
sooner,sooner,sooner,soon,sooner
shade,shade,shade,shad,shad
occur,occur,occur,occ,occur
necessity,necess,necess,necess,necessity
younger,younger,younger,young,younger
courage,courag,courag,cour,courag
owner,owner,owner,own,owner
lowest,lowest,lowest,lowest,lowest
landlord,landlord,landlord,landlord,landlord
responsible,respons,respons,respons,responsibl
uniform,uniform,uniform,uniform,uniform
knowest,knowest,knowest,knowest,knowest
intellectual,intellectu,intellectu,intellect,intellectual
anywhere,anywher,anywher,anywh,anywher
lovely,love,love,lov,lovely
enormous,enorm,enorm,enorm,enormou
chose,chose,chose,chos,chos
arrangement,arrang,arrang,arrang,arrangement
abide,abid,abid,abid,abid
changing,chang,chang,chang,chang
pursued,pursu,pursu,pursu,pursued
owners,owner,owner,own,owner
dim,dim,dim,dim,dim
contact,contact,contact,contact,contact
chariots,chariot,chariot,chariot,chariot
flask,flask,flask,flask,flask
speake,speak,speak,speak,speak
loue,loue,loue,lou,lou
components,compon,compon,compon,component
win,win,win,win,win
invited,invit,invit,invit,invited
collection,collect,collect,collect,collection
conclusion,conclus,conclus,conclud,conclusion
root,root,root,root,root
beheld,beheld,beheld,beheld,beheld
league,leagu,leagu,leagu,leagu
closer,closer,closer,clos,closer
weary,weari,weari,weary,weary
breast,breast,breast,breast,breast
warning,warn,warn,warn,warn
henrietta,henrietta,henrietta,henriett,henrietta
yard,yard,yard,yard,yard
solution,solut,solut,solv,solution
decisions,decis,decis,decid,decision
philosophy,philosophi,philosophi,philosoph,philosophy
inner,inner,inner,in,inner
ben,ben,ben,ben,ben
rhode,rhode,rhode,rhod,rhod
giue,giue,giue,giu,giu
stockholders,stockhold,stockhold,stockhold,stockholder
pressures,pressur,pressur,press,pressure
subcommittee,subcommitte,subcommitte,subcommit,subcommitte
belong,belong,belong,belong,belong
lucky,lucki,lucki,lucky,lucky
entitled,entitl,entitl,entitl,entitled
sending,send,send,send,send
attachment,attach,attach,attach,attachment
elsewhere,elsewher,elsewher,elsewh,elsewher
article,articl,articl,artic,articl
perceived,perceiv,perceiv,perceiv,perceived
colour,colour,colour,colo,colour
pork,pork,pork,pork,pork
gay,gay,gay,gay,gay
counter,counter,counter,count,counter
hated,hate,hate,hat,hated
consent,consent,consent,cons,consent
touching,touch,touch,touch,touch
contributed,contribut,contribut,contribut,contributed
barton,barton,barton,barton,barton
pitched,pitch,pitch,pitch,pitched
task,task,task,task,task
obey,obey,obey,obey,obey
breadth,breadth,breadth,bread,breadth
virgin,virgin,virgin,virgin,virgin
honey,honey,honey,honey,honey
fats,fat,fat,fat,fat
simon,simon,simon,simon,simon
launched,launch,launch,launch,launched
phase,phase,phase,phas,phas
ounce,ounc,ounc,ount,ounc
underlying,underli,under,und,underly
regional,region,region,reg,regional
offshore,offshor,offshor,offsh,offshor
ratio,ratio,ratio,ratio,ratio
native,nativ,nativ,nat,nativ
dressed,dress,dress,dress,dressed
anticipated,anticip,anticip,anticip,anticipated
sentiment,sentiment,sentiment,senty,sentiment
hanging,hang,hang,hang,hang
lights,light,light,light,light
accounted,account,account,account,accounted
sailor,sailor,sailor,sail,sailor
title,titl,titl,titl,titl
flag,flag,flag,flag,flag
wherewith,wherewith,wherewith,wherewi,wherewith
ass,ass,ass,ass,ass
drought,drought,drought,drought,drought
deputy,deputi,deputi,deputy,deputy
hen,hen,hen,hen,hen
floating,float,float,flo,float
louis,loui,loui,lou,loui
metals,metal,metal,met,metal
attached,attach,attach,attach,attached
sensible,sensibl,sensibl,sens,sensibl
delightful,delight,delight,delight,delightful
aunt,aunt,aunt,aunt,aunt
listening,listen,listen,list,listen
mystery,mysteri,mysteri,mystery,mystery
frozen,frozen,frozen,froz,frozen
maintained,maintain,maintain,maintain,maintained
critical,critic,critic,crit,critical
smell,smell,smell,smel,smell
poetry,poetri,poetri,poetry,poetry
hamlet,hamlet,hamlet,hamlet,hamlet
hanover,hanov,hanov,hanov,hanover
flee,flee,flee,fle,fle
jeroboam,jeroboam,jeroboam,jeroboam,jeroboam
swung,swung,swung,swung,swung
florida,florida,florida,florid,florida
represents,repres,repres,repres,represent
worldwide,worldwid,worldwid,worldwid,worldwid
thailand,thailand,thailand,thailand,thailand
texaco,texaco,texaco,texaco,texaco
lane,lane,lane,lan,lan
widow,widow,widow,widow,widow
containing,contain,contain,contain,contain
slept,slept,slept,slept,slept
smooth,smooth,smooth,smoo,smooth
detail,detail,detail,detail,detail
explanation,explan,explan,expl,explanation
dying,die,die,dying,dy
profitable,profit,profit,profit,profit
struggle,struggl,struggl,struggle,struggl
widely,wide,wide,wid,widely
tom,tom,tom,tom,tom
intends,intend,intend,intend,intend
detailed,detail,detail,detail,detailed
dick,dick,dick,dick,dick
assumed,assum,assum,assum,assumed
laughter,laughter,laughter,laught,laughter
firstborn,firstborn,firstborn,firstborn,firstborn
bullock,bullock,bullock,bullock,bullock
turkey,turkey,turkey,turkey,turkey
identified,identifi,identifi,ident,identified
participation,particip,particip,particip,participation
strategic,strateg,strateg,strategic,strategic
dallas,dalla,dalla,dalla,dalla
video,video,video,video,video
notion,notion,notion,not,notion
absolutely,absolut,absolut,absolv,absolutely
page,page,page,pag,pag
exceeding,exceed,exceed,excess,exceed
pour,pour,pour,pour,pour
permitted,permit,permit,permit,permitted
guide,guid,guid,guid,guid
interrupted,interrupt,interrupt,interrupt,interrupted
islands,island,island,island,island
parliament,parliament,parliament,parlia,parliament
fulfilled,fulfil,fulfil,fulfil,fulfilled
heed,heed,heed,hee,heed
whilst,whilst,whilst,whilst,whilst
mortal,mortal,mortal,mort,mortal
cell,cell,cell,cel,cell
formula,formula,formula,formul,formula
barbara,barbara,barbara,barbar,barbara
leonora,leonora,leonora,leonor,leonora
individuals,individu,individu,individ,individual
radiation,radiat,radiat,rady,radiation
debentures,debentur,debentur,deb,debenture
idle,idl,idl,idl,idl
charming,charm,charm,charm,charm
correct,correct,correct,correct,correct
visited,visit,visit,visit,visited
shift,shift,shift,shift,shift
justified,justifi,justifi,just,justified
preparation,prepar,prepar,prep,preparation
representing,repres,repres,repres,represent
moderate,moder,moder,mod,moderat
folly,folli,folli,fol,folly
defence,defenc,defenc,def,defenc
defend,defend,defend,defend,defend
reflecting,reflect,reflect,reflect,reflect
debate,debat,debat,deb,debat
fifteen,fifteen,fifteen,fifteen,fifteen
horn,horn,horn,horn,horn
arab,arab,arab,arab,arab
giant,giant,giant,giant,giant
poehl,poehl,poehl,poehl,poehl
connected,connect,connect,connect,connected
wealth,wealth,wealth,weal,wealth
flew,flew,flew,flew,flew
mill,mill,mill,mil,mill
feels,feel,feel,feel,feel
sleeping,sleep,sleep,sleep,sleep
listened,listen,listen,list,listened
beg,beg,beg,beg,beg
studied,studi,studi,study,studied
arrival,arriv,arriv,ar,arrival
furniture,furnitur,furnitur,furnit,furnitur
bars,bar,bar,bar,bar
tight,tight,tight,tight,tight
panel,panel,panel,panel,panel
investigation,investig,investig,investig,investigation
famine,famin,famin,famin,famin
ram,ram,ram,ram,ram
downward,downward,downward,downward,downward
wake,wake,wake,wak,wak
borrowing,borrow,borrow,borrow,borrow
agencies,agenc,agenc,ag,agencie
lbs,lb,lbs,lbs,lbs
averaged,averag,averag,av,averaged
personnel,personnel,personnel,personnel,personnel
airlines,airlin,airlin,airlin,airline
safely,safe,safe,saf,safely
delicate,delic,delic,del,delicat
exact,exact,exact,exact,exact
preserve,preserv,preserv,preserv,preserv
merchant,merchant,merchant,merch,merchant
commit,commit,commit,commit,commit
calculated,calcul,calcul,calc,calculated
exist,exist,exist,ex,exist
pointing,point,point,point,point
washed,wash,wash,wash,washed
relation,relat,relat,rel,relation
creation,creation,creation,cre,creation
agent,agent,agent,ag,agent
stern,stern,stern,stern,stern
aim,aim,aim,aim,aim
rage,rage,rage,rag,rag
towns,town,town,town,town
forehead,forehead,forehead,forehead,forehead
idols,idol,idol,idol,idol
craft,craft,craft,craft,craft
felix,felix,felix,felix,felix
extra,extra,extra,extr,extra
organisation,organis,organis,org,organisation
pip,pip,pip,pip,pip
leadership,leadership,leadership,lead,leadership
techniques,techniqu,techniqu,techn,technique
los,lo,los,los,los
subsidiaries,subsidiari,subsidiari,subsidy,subsidiarie
global,global,global,glob,global
attended,attend,attend,attend,attended
healthy,healthi,healthi,healthy,healthy
arranged,arrang,arrang,arrang,arranged
anxiety,anxieti,anxieti,anxy,anxiety
perceive,perceiv,perceiv,perceiv,perceiv
recover,recov,recov,recov,recover
trembling,trembl,trembl,trembl,trembl
recovered,recov,recov,recov,recovered
announce,announc,announc,annount,announc
separated,separ,separ,sep,separated
contribution,contribut,contribut,contribut,contribution
studying,studi,studi,study,study
queer,queer,queer,que,queer
rolling,roll,roll,rol,roll
tenth,tenth,tenth,ten,tenth
egyptians,egyptian,egyptian,egypt,egyptian
hor,hor,hor,hor,hor
tough,tough,tough,tough,tough
editor,editor,editor,edit,editor
mike,mike,mike,mik,mik
angeles,angel,angel,angel,angele
hectares,hectar,hectar,hect,hectare
origin,origin,origin,origin,origin
approached,approach,approach,approach,approached
expectation,expect,expect,expect,expectation
seated,seat,seat,seat,seated
disappointed,disappoint,disappoint,disappoint,disappointed
behaviour,behaviour,behaviour,behavio,behaviour
glorious,gloriou,glorious,glory,gloriou
utter,utter,utter,ut,utter
wept,wept,wept,wept,wept
contain,contain,contain,contain,contain
emergency,emerg,emerg,emerg,emergency
wages,wage,wage,wag,wage
interpretation,interpret,interpret,interpret,interpretation
lean,lean,lean,lean,lean
anointed,anoint,anoint,anoint,anointed
absalom,absalom,absalom,absalom,absalom
cane,cane,cane,can,can
inventory,inventori,inventori,inv,inventory
sumita,sumita,sumita,sumit,sumita
disposition,disposit,disposit,disposit,disposition
cheerful,cheer,cheer,che,cheerful
disposed,dispos,dispos,dispos,disposed
favourite,favourit,favourit,favourit,favourit
wishes,wish,wish,wish,wishe
precisely,precis,precis,prec,precisely
plainly,plainli,plain,plain,plainly
model,model,model,model,model
teacher,teacher,teacher,teach,teacher
wondered,wonder,wonder,wond,wondered
succeeded,succeed,succeed,success,succeeded
resolve,resolv,resolv,resolv,resolv
unfair,unfair,unfair,unfair,unfair
apartment,apart,apart,apart,apartment
numerous,numer,numer,num,numerou
voted,vote,vote,vot,voted
managed,manag,manag,man,managed
extension,extens,extens,extend,extension
expensive,expens,expens,expend,expensiv
doctrine,doctrin,doctrin,doctrin,doctrin
dried,dri,dri,dri,dried
duke,duke,duke,duk,duk
tire,tire,tire,tir,tir
selected,select,select,select,selected
employers,employ,employ,employ,employer
ile,ile,ile,il,ile
cassi,cassi,cassi,cass,cassi
houston,houston,houston,houston,houston
opinions,opinion,opinion,opin,opinion
wanting,want,want,want,want
artist,artist,artist,art,artist
hurried,hurri,hurri,hurry,hurried
clayton,clayton,clayton,clayton,clayton
utmost,utmost,utmost,utmost,utmost
arrangements,arrang,arrang,arrang,arrangement
earn,earn,earn,earn,earn
sacred,sacr,sacr,sacr,sacred
staring,stare,stare,star,star
whereas,wherea,wherea,wherea,wherea
harris,harri,harri,har,harri
armies,armi,armi,army,armie
diamond,diamond,diamond,diamond,diamond
jonah,jonah,jonah,jonah,jonah
heavenly,heavenli,heaven,heav,heavenly
conflict,conflict,conflict,conflict,conflict
wooden,wooden,wooden,wood,wooden
globe,globe,globe,glob,glob
courier,courier,courier,coury,courier
reporting,report,report,report,report
nearby,nearbi,nearbi,nearby,nearby
centers,center,center,cent,center
commitments,commit,commit,commit,commitment
subsidy,subsidi,subsidi,subsidy,subsidy
membership,membership,membership,memb,membership
bushels,bushel,bushel,bushel,bushel
gaf,gaf,gaf,gaf,gaf
bbl,bbl,bbl,bbl,bbl
supplied,suppli,suppli,supply,supplied
recommend,recommend,recommend,recommend,recommend
protest,protest,protest,protest,protest
allowing,allow,allow,allow,allow
depends,depend,depend,depend,depend
autumn,autumn,autumn,autumn,autumn
astonishment,astonish,astonish,aston,astonishment
resumed,resum,resum,resum,resumed
eagerly,eagerli,eager,eag,eagerly
decree,decre,decre,decr,decre
regarding,regard,regard,regard,regard
admiral,admir,admir,admir,admiral
stead,stead,stead,stead,stead
cap,cap,cap,cap,cap
strengthen,strengthen,strengthen,strengthen,strengthen
dairy,dairi,dairi,dairy,dairy
almighty,almighti,almighti,almighty,almighty
knoweth,knoweth,knoweth,knowe,knoweth
amen,amen,amen,am,amen
wing,wing,wing,wing,w
castle,castl,castl,castl,castl
fisher,fisher,fisher,fish,fisher
truck,truck,truck,truck,truck
fundamental,fundament,fundament,funda,fundamental
republican,republican,republican,republ,republican
fee,fee,fee,fee,fee
junior,junior,junior,juny,junior
van,van,van,van,van
behavior,behavior,behavior,behavy,behavior
overnight,overnight,overnight,overnight,overnight
jazz,jazz,jazz,jazz,jazz
mild,mild,mild,mild,mild
reflection,reflect,reflect,reflect,reflection
unhappy,unhappi,unhappi,unhappy,unhappy
perry,perri,perri,perry,perry
conviction,convict,convict,convict,conviction
encouraging,encourag,encourag,enco,encourag
sentence,sentenc,sentenc,sent,sentenc
relative,rel,relat,rel,relativ
aspect,aspect,aspect,aspect,aspect
tells,tell,tell,tel,tell
drunk,drunk,drunk,drunk,drunk
oath,oath,oath,oa,oath
stared,stare,stare,star,stared
priced,price,price,pric,priced
slipped,slip,slip,slip,slipped
crime,crime,crime,crim,crim
compares,compar,compar,comp,compare
afterward,afterward,afterward,afterward,afterward
serpent,serpent,serpent,serp,serpent
millions,million,million,mil,million
dost,dost,dost,dost,dost
hidden,hidden,hidden,hid,hidden
jew,jew,jew,jew,jew
gap,gap,gap,gap,gap
core,core,core,cor,cor
item,item,item,item,item
drug,drug,drug,drug,drug
focus,focu,focus,foc,focu
procedure,procedur,procedur,proc,procedur
rumors,rumor,rumor,rum,rumor
operator,oper,oper,op,operator
manhattan,manhattan,manhattan,manhat,manhattan
suspect,suspect,suspect,suspect,suspect
overcome,overcom,overcom,overcom,overcom
guests,guest,guest,guest,guest
attempts,attempt,attempt,attempt,attempt
province,provinc,provinc,provint,provinc
smallest,smallest,smallest,smallest,smallest
rough,rough,rough,rough,rough
hero,hero,hero,hero,hero
alike,alik,alik,alik,alik
restore,restor,restor,rest,restor
hungry,hungri,hungri,hungry,hungry
politics,polit,polit,polit,politic
lamp,lamp,lamp,lamp,lamp
teaching,teach,teach,teach,teach
leaning,lean,lean,lean,lean
dreams,dream,dream,dream,dream
learning,learn,learn,learn,learn
resume,resum,resum,resum,resum
villages,villag,villag,vil,village
tents,tent,tent,tent,tent
leviathan,leviathan,leviathan,leviath,leviathan
recognized,recogn,recogn,recogn,recognized
elaborate,elabor,elabor,elab,elaborat
headquarters,headquart,headquart,headquart,headquarter
minerals,miner,miner,min,mineral
excluding,exclud,exclud,exclud,exclud
rand,rand,rand,rand,rand
belgian,belgian,belgian,belg,belgian
stoltenberg,stoltenberg,stoltenberg,stoltenberg,stoltenberg
imf,imf,imf,imf,imf
occupied,occupi,occupi,occupy,occupied
determination,determin,determin,determin,determination
fetch,fetch,fetch,fetch,fetch
affliction,afflict,afflict,afflict,affliction
examine,examin,examin,examin,examin
resist,resist,resist,resist,resist
attractive,attract,attract,attract,attractiv
pillars,pillar,pillar,pill,pillar
guilty,guilti,guilti,guil,guilty
whereof,whereof,whereof,whereof,whereof
seventy,seventi,seventi,seventy,seventy
esau,esau,esau,esau,esau
gilead,gilead,gilead,gilead,gilead
fruits,fruit,fruit,fruit,fruit
trumpet,trumpet,trumpet,trumpet,trumpet
asa,asa,asa,as,asa
greece,greec,greec,greec,greec
paradise,paradis,paradis,parad,paradis
jury,juri,juri,jury,jury
engine,engin,engin,engin,engin
semi,semi,semi,sem,semi
chip,chip,chip,chip,chip
louisiana,louisiana,louisiana,louisian,louisiana
pilot,pilot,pilot,pilot,pilot
ports,port,port,port,port
harper,harper,harper,harp,harper
premium,premium,premium,prem,premium
nippon,nippon,nippon,nippon,nippon
talents,talent,talent,tal,talent
thoroughly,thoroughli,thorough,thorough,thoroughly
bore,bore,bore,bor,bor
accomplished,accomplish,accomplish,accompl,accomplished
noticed,notic,notic,not,noticed
earnest,earnest,earnest,earnest,earnest
finish,finish,finish,fin,finish
absent,absent,absent,abs,absent
contribute,contribut,contribut,contribut,contribut
finds,find,find,find,find
abundance,abund,abund,abund,abundanc
dignity,digniti,digniti,dign,dignity
necessarily,necessarili,necessarili,necess,necessarily
uncertain,uncertain,uncertain,uncertain,uncertain
permanent,perman,perman,perm,permanent
judges,judg,judg,judg,judge
providence,provid,provid,provid,providenc
shining,shine,shine,shin,shin
shed,shed,shed,shed,shed
tonight,tonight,tonight,tonight,tonight
garment,garment,garment,gar,garment
deeds,deed,deed,dee,deed
goats,goat,goat,goat,goat
wheels,wheel,wheel,wheel,wheel
merchants,merchant,merchant,merch,merchant
reed,reed,reed,ree,reed
seeks,seek,seek,seek,seek
congressional,congression,congression,congress,congressional
franc,franc,franc,frant,franc
centre,centr,centr,cent,centr
invitation,invit,invit,invit,invitation
recommendation,recommend,recommend,recommend,recommendation
refined,refin,refin,refin,refined
strikes,strike,strike,strikes,strike
advised,advis,advis,adv,advised
misery,miseri,miseri,misery,misery
amongst,amongst,amongst,amongst,amongst
retain,retain,retain,retain,retain
enable,enabl,enabl,en,en
hang,hang,hang,hang,hang
wounded,wound,wound,wound,wounded
wear,wear,wear,wear,wear
sounded,sound,sound,sound,sounded
canaan,canaan,canaan,cana,canaan
lambs,lamb,lamb,lamb,lamb
weep,weep,weep,weep,weep
ward,ward,ward,ward,ward
tool,tool,tool,tool,tool
carpenter,carpent,carpent,carp,carpenter
imperial,imperi,imperi,imp,imperial
berlin,berlin,berlin,berlin,berlin
classes,class,class,class,classe
nantucket,nantucket,nantucket,nantucket,nantucket
mission,mission,mission,miss,mission
norway,norway,norway,norway,norway
brokers,broker,broker,brok,broker
negotiating,negoti,negoti,negoty,negotiat
csr,csr,csr,csr,csr
exxon,exxon,exxon,exxon,exxon
sosnoff,sosnoff,sosnoff,sosnoff,sosnoff
ceased,ceas,ceas,ceas,ceased
everywhere,everywher,everywher,everywh,everywher
admitted,admit,admit,admit,admitted
shepherd,shepherd,shepherd,shepherd,shepherd
firmly,firmli,firm,firm,firmly
represent,repres,repres,repres,represent
declining,declin,declin,declin,declin
madam,madam,madam,madam,madam
dull,dull,dull,dul,dull
sacrifices,sacrific,sacrific,sacr,sacrifice
demanded,demand,demand,demand,demanded
restored,restor,restor,rest,restored
retained,retain,retain,retain,retained
description,descript,descript,describ,description
desert,desert,desert,desert,desert
asleep,asleep,asleep,asleep,asleep
remnant,remnant,remnant,remn,remnant
conducted,conduct,conduct,conduc,conducted
stuff,stuff,stuff,stuff,stuff
sprang,sprang,sprang,sprang,sprang
brook,brook,brook,brook,brook
williams,william,william,william,william
banker,banker,banker,bank,banker
shekels,shekel,shekel,shekel,shekel
spear,spear,spear,spear,spear
converted,convert,convert,convert,converted
mississippi,mississippi,mississippi,mississipp,mississippi
cells,cell,cell,cel,cell
historical,histor,histor,hist,historical
georgia,georgia,georgia,georg,georgia
coins,coin,coin,coin,coin
wholesale,wholesal,wholesal,wholes,wholesal
eddie,eddi,eddi,eddy,eddi
grades,grade,grade,grad,grade
totaled,total,total,tot,totaled
textile,textil,textil,textil,textil
sectors,sector,sector,sect,sector
asset,asset,asset,asset,asset
cpc,cpc,cpc,cpc,cpc
impose,impos,impos,impos,impos
cloth,cloth,cloth,clo,cloth
valuable,valuabl,valuabl,valu,valu
jump,jump,jump,jump,jump
indignation,indign,indign,indign,indignation
crossed,cross,cross,cross,crossed
reverse,revers,revers,revers,revers
henceforth,henceforth,henceforth,hencefor,henceforth
suspicion,suspicion,suspicion,susp,suspicion
shock,shock,shock,shock,shock
inn,inn,inn,in,inn
readily,readili,readili,ready,readily
gifts,gift,gift,gift,gift
deeper,deeper,deeper,deep,deeper
acceptance,accept,accept,acceiv,acceptanc
compromise,compromis,compromis,comprom,compromis
rains,rain,rain,rain,rain
horns,horn,horn,horn,horn
womb,womb,womb,womb,womb
pot,pot,pot,pot,pot
swords,sword,sword,sword,sword
lightning,lightn,lightn,lightn,lightn
chest,chest,chest,chest,chest
symbol,symbol,symbol,symbol,symbol
negotiate,negoti,negoti,negoty,negotiat
peru,peru,peru,peru,peru
oct,oct,oct,oct,oct
concept,concept,concept,conceiv,concept
commitment,commit,commit,commit,commitment
diplomats,diplomat,diplomat,diplom,diplomat
sorghum,sorghum,sorghum,sorgh,sorghum
allegheny,allegheni,allegheni,allegheny,allegheny
clever,clever,clever,clev,clever
encouraged,encourag,encourag,enco,encouraged
spoiled,spoil,spoil,spoil,spoiled
softly,softli,soft,soft,softly
proceeded,proceed,proceed,process,proceeded
reserved,reserv,reserv,reserv,reserved
alarm,alarm,alarm,alarm,alarm
astonished,astonish,astonish,aston,astonished
promote,promot,promot,promot,promot
handed,hand,hand,hand,handed
plays,play,play,play,play
clothed,cloth,cloth,cloth,clothed
stories,stori,stori,story,storie
cruel,cruel,cruel,cruel,cruel
dealing,deal,deal,deal,deal
excessive,excess,excess,excess,excessiv
author,author,author,auth,author
emphasis,emphasi,emphasi,emphas,emphasi
soldier,soldier,soldier,soldy,soldier
attacks,attack,attack,attack,attack
maturity,matur,matur,mat,maturity
horizon,horizon,horizon,horizon,horizon
rachel,rachel,rachel,rachel,rachel
fiery,fieri,fieri,fiery,fiery
roots,root,root,root,root
rabbit,rabbit,rabbit,rabbit,rabbit
normally,normal,normal,norm,normally
load,load,load,load,load
site,site,site,sit,sit
missile,missil,missil,missil,missil
optimistic,optimist,optimist,optim,optimistic
cabinet,cabinet,cabinet,cabinet,cabinet
lee,lee,lee,lee,lee
tension,tension,tension,tend,tension
railroad,railroad,railroad,railroad,railroad
missiles,missil,missil,missil,missile
reflects,reflect,reflect,reflect,reflect
consciousness,conscious,conscious,conscy,consciousnes
acceptable,accept,accept,acceiv,accept
triumph,triumph,triumph,triumph,triumph
causes,caus,caus,caus,cause
dread,dread,dread,dread,dread
inclined,inclin,inclin,inclin,inclined
desperate,desper,desper,desp,desperat
submitted,submit,submit,submit,submitted
experienced,experienc,experienc,expery,experienced
warrant,warrant,warrant,war,warrant
blame,blame,blame,blam,blam
dealt,dealt,dealt,dealt,dealt
prize,prize,prize,priz,priz
discover,discov,discov,discov,discover
desk,desk,desk,desk,desk
retired,retir,retir,retir,retired
mock,mock,mock,mock,mock
machines,machin,machin,machin,machine
intend,intend,intend,intend,intend
fox,fox,fox,fox,fox
liveth,liveth,liveth,live,liveth
doeth,doeth,doeth,doe,doeth
rulers,ruler,ruler,rul,ruler
climbed,climb,climb,climb,climbed
rope,rope,rope,rop,rop
makers,maker,maker,mak,maker
regions,region,region,reg,region
tiny,tini,tini,tiny,tiny
cat,cat,cat,cat,cat
increasingly,increasingli,increas,increas,increasingly
procedures,procedur,procedur,proc,procedure
initiative,initi,initi,in,initiativ
operators,oper,oper,op,operator
baldrige,baldrig,baldrig,baldrig,baldrig
sigh,sigh,sigh,sigh,sigh
depressed,depress,depress,depress,depressed
wonders,wonder,wonder,wond,wonder
merry,merri,merri,merry,merry
aloud,aloud,aloud,aloud,aloud
admiration,admir,admir,admir,admiration
persuade,persuad,persuad,persuad,persuad
removal,remov,remov,remov,removal
faster,faster,faster,fast,faster
perform,perform,perform,perform,perform
redeem,redeem,redeem,redeem,redeem
punishment,punish,punish,pun,punishment
minority,minor,minor,min,minority
locked,lock,lock,lock,locked
rear,rear,rear,rear,rear
operated,oper,oper,op,operated
backed,back,back,back,backed
rare,rare,rare,rar,rar
revolution,revolut,revolut,revolv,revolution
prophesy,prophesi,prophesi,prophesy,prophesy
realize,realiz,realiz,real,realiz
massive,massiv,massiv,mass,massiv
chemicals,chemic,chemic,chem,chemical
compassion,compass,compass,compass,compassion
formerly,formerli,former,form,formerly
teachers,teacher,teacher,teach,teacher
gently,gentli,gentl,gent,gently
literary,literari,literari,lit,literary
prevented,prevent,prevent,prev,prevented
assist,assist,assist,assist,assist
rush,rush,rush,rush,rush
courses,cours,cours,cours,course
happens,happen,happen,hap,happen
steep,steep,steep,steep,steep
flocks,flock,flock,flock,flock
intermediate,intermedi,intermedi,intermedy,intermediat
significance,signific,signific,sign,significanc
ultimate,ultim,ultim,ultim,ultimat
painted,paint,paint,paint,painted
roads,road,road,road,road
hostile,hostil,hostil,hostil,hostil
sensitive,sensit,sensit,sensit,sensitiv
belly,belli,belli,bel,belly
thereby,therebi,therebi,thereby,thereby
threescore,threescor,threescor,threescore,threescor
porch,porch,porch,porch,porch
arts,art,art,art,art
ideal,ideal,ideal,id,ideal
returns,return,return,return,return
trader,trader,trader,trad,trader
aluminum,aluminum,aluminum,alumin,aluminum
isabella,isabella,isabella,isabell,isabella
forgot,forgot,forgot,forgot,forgot
seldom,seldom,seldom,seldom,seldom
unlike,unlik,unlik,unlik,unlik
copy,copi,copi,cop,copy
mischief,mischief,mischief,mischief,mischief
courts,court,court,court,court
conceived,conceiv,conceiv,conceiv,conceived
impatient,impati,impati,impaty,impatient
ford,ford,ford,ford,ford
alas,ala,ala,ala,ala
healed,heal,heal,heal,healed
gathering,gather,gather,gath,gather
newspapers,newspap,newspap,newspap,newspaper
uses,use,use,us,use
summit,summit,summit,summit,summit
noon,noon,noon,noon,noon
posts,post,post,post,post
lots,lot,lot,lot,lot
shapes,shape,shape,shap,shape
kansas,kansa,kansa,kansa,kansa
declines,declin,declin,declin,decline
operates,oper,oper,op,operate
pension,pension,pension,pend,pension
mercer,mercer,mercer,merc,mercer
philippines,philippin,philippin,philippin,philippine
kuwaiti,kuwaiti,kuwaiti,kuwait,kuwaiti
remembrance,remembr,remembr,remembr,remembranc
generous,gener,generous,gen,generou
sufficiently,suffici,suffici,sufficy,sufficiently
enjoyed,enjoy,enjoy,enjoy,enjoyed
atonement,aton,aton,aton,atonement
lately,late,late,lat,lately
stimulate,stimul,stimul,stim,stimulat
writer,writer,writer,writ,writer
admit,admit,admit,admit,admit
wit,wit,wit,wit,wit
attributed,attribut,attribut,attribut,attributed
sole,sole,sole,sol,sol
remarkable,remark,remark,remark,remark
mounted,mount,mount,mount,mounted
helping,help,help,help,help
bench,bench,bench,bench,bench
gardens,garden,garden,gard,garden
regulations,regul,regul,reg,regulation
cunning,cun,cun,cun,cunn
crying,cri,cri,cry,cry
vengeance,vengeanc,vengeanc,veng,vengeanc
ammon,ammon,ammon,ammon,ammon
distributed,distribut,distribut,distribut,distributed
oft,oft,oft,oft,oft
tests,test,test,test,test
russian,russian,russian,russ,russian
experts,expert,expert,expert,expert
wheeler,wheeler,wheeler,wheel,wheeler
cited,cite,cite,cit,cited
acquiring,acquir,acquir,acquir,acquir
guarantees,guarante,guarante,guar,guarantee
malaysian,malaysian,malaysian,malays,malaysian
christmas,christma,christma,christmas,christma
butter,butter,butter,but,butter
preference,prefer,prefer,pref,preferenc
collected,collect,collect,collect,collected
dwelling,dwell,dwell,dwel,dwell
sixty,sixti,sixti,sixty,sixty
lighted,light,light,light,lighted
utility,util,util,util,utility
performed,perform,perform,perform,performed
lend,lend,lend,lend,lend
captive,captiv,captiv,capt,captiv
messengers,messeng,messeng,messeng,messenger
ruler,ruler,ruler,rul,ruler
deals,deal,deal,deal,deal
customs,custom,custom,custom,custom
weapon,weapon,weapon,weapon,weapon
seeds,seed,seed,see,seed
holes,hole,hole,hol,hole
troops,troop,troop,troop,troop
buyer,buyer,buyer,buy,buyer
curb,curb,curb,curb,curb
track,track,track,track,track
element,element,element,el,element
russia,russia,russia,russ,russia
theresa,theresa,theresa,theres,theresa
sam,sam,sam,sam,sam
identity,ident,ident,id,identity
auction,auction,auction,auct,auction
adjustments,adjust,adjust,adjust,adjustment
harcourt,harcourt,harcourt,harcourt,harcourt
pakistan,pakistan,pakistan,pak,pakistan
burlington,burlington,burlington,burlington,burlington
chemlawn,chemlawn,chemlawn,chemlawn,chemlawn
randalls,randal,randal,randal,randall
horrible,horribl,horribl,horr,horribl
proportion,proport,proport,proport,proportion
forever,forev,forev,forev,forever
honourable,honour,honour,hono,honour
considerably,consider,consider,consid,considerably
continual,continu,continu,contin,continual
confused,confus,confus,confus,confused
complaint,complaint,complaint,complaint,complaint
shelter,shelter,shelter,shelt,shelter
eleven,eleven,eleven,elev,eleven
behalf,behalf,behalf,behalf,behalf
extensive,extens,extens,extend,extensiv
consistent,consist,consist,consist,consistent
intervals,interv,interv,interv,interval
expenditure,expenditur,expenditur,expendit,expenditur
sailors,sailor,sailor,sail,sailor
hail,hail,hail,hail,hail
vineyard,vineyard,vineyard,vineyard,vineyard
devils,devil,devil,devil,devil
chancellor,chancellor,chancellor,chancel,chancellor
planting,plant,plant,plant,plant
comparable,compar,compar,comp,compar
listed,list,list,list,listed
text,text,text,text,text
detective,detect,detect,detect,detectiv
lease,leas,leas,leas,leas
expanding,expand,expand,expand,expand
depreciation,depreci,depreci,deprecy,depreciation
economies,economi,economi,econom,economie
lehman,lehman,lehman,lehm,lehman
protectionist,protectionist,protectionist,protect,protectionist
gratitude,gratitud,gratitud,gratitud,gratitud
neighbours,neighbour,neighbour,neighbo,neighbour
grateful,grate,grate,grat,grateful
humble,humbl,humbl,humbl,humbl
cow,cow,cow,cow,cow
tend,tend,tend,tend,tend
advances,advanc,advanc,adv,advance
swiftly,swiftli,swift,swift,swiftly
chambers,chamber,chamber,chamb,chamber
gesture,gestur,gestur,gest,gestur
awful,aw,aw,aw,awful
alternatives,altern,altern,altern,alternative
freely,freeli,freeli,fre,freely
dropping,drop,drop,drop,dropp
volumes,volum,volum,volum,volume
chariot,chariot,chariot,chariot,chariot
resistance,resist,resist,resist,resistanc
plains,plain,plain,plain,plain
ashes,ash,ash,ash,ashe
champion,champion,champion,champ,champion
fort,fort,fort,fort,fort
rural,rural,rural,rur,rural
noting,note,note,not,not
lumber,lumber,lumber,lumb,lumber
aspects,aspect,aspect,aspect,aspect
charter,charter,charter,chart,charter
heare,hear,hear,hear,hear
federation,feder,feder,fed,federation
recession,recess,recess,recess,recession
tendered,tender,tender,tend,tendered
gmt,gmt,gmt,gmt,gmt
spokeswoman,spokeswoman,spokeswoman,spokeswom,spokeswoman
frequent,frequent,frequent,frequ,frequent
desirable,desir,desir,desir,desir
regret,regret,regret,regret,regret
dozen,dozen,dozen,doz,dozen
imagined,imagin,imagin,imagin,imagined
skill,skill,skill,skil,skill
hint,hint,hint,hint,hint
inquiry,inquiri,inquiri,inquiry,inquiry
whispered,whisper,whisper,whisp,whispered
assembled,assembl,assembl,assembl,assembled
library,librari,librari,libr,library
custom,custom,custom,custom,custom
grove,grove,grove,grov,grov
drops,drop,drop,drop,drop
pitch,pitch,pitch,pitch,pitch
background,background,background,background,background
trespass,trespass,trespass,trespass,trespas
torn,torn,torn,torn,torn
prayed,pray,pray,pray,prayed
bloody,bloodi,bloodi,bloody,bloody
syria,syria,syria,syr,syria
handling,handl,handl,handl,handl
foam,foam,foam,foam,foam
sailing,sail,sail,sail,sail
flung,flung,flung,flung,flung
dominant,domin,domin,domin,dominant
conservative,conserv,conserv,conserv,conservativ
rory,rori,rori,rory,rory
exported,export,export,export,exported
netherlands,netherland,netherland,netherland,netherland
virtually,virtual,virtual,virt,virtually
miti,miti,miti,mit,miti
smelter,smelter,smelter,smelt,smelter
wherever,wherev,wherev,wherev,wherever
merit,merit,merit,merit,merit
establishment,establish,establish,est,establishment
indifferent,indiffer,indiffer,indiff,indifferent
submit,submit,submit,submit,submit
attending,attend,attend,attend,attend
criticism,critic,critic,crit,criticism
satisfy,satisfi,satisfi,satisfy,satisfy
profession,profess,profess,profess,profession
depending,depend,depend,depend,depend
cleared,clear,clear,clear,cleared
deeply,deepli,deepli,deeply,deeply
applications,applic,applic,apply,application
endless,endless,endless,endless,endles
brow,brow,brow,brow,brow
flowing,flow,flow,flow,flow
cape,cape,cape,cap,cap
assigned,assign,assign,assign,assigned
fountain,fountain,fountain,fountain,fountain
bands,band,band,band,band
chains,chain,chain,chain,chain
ranges,rang,rang,rang,range
exalted,exalt,exalt,exalt,exalted
jaw,jaw,jaw,jaw,jaw
speaker,speaker,speaker,speak,speaker
pharisees,pharise,pharise,phar,pharisee
swimming,swim,swim,swim,swimm
environment,environ,environ,environ,environment
columbia,columbia,columbia,columb,columbia
pennsylvania,pennsylvania,pennsylvania,pennsylvan,pennsylvania
aloft,aloft,aloft,aloft,aloft
margins,margin,margin,margin,margin
tariff,tariff,tariff,tariff,tariff
unions,union,union,un,union
supermarkets,supermarket,supermarket,supermarket,supermarket
taylor,taylor,taylor,tayl,taylor
chances,chanc,chanc,chant,chance
infinite,infinit,infinit,infinit,infinit
enjoyment,enjoy,enjoy,enjoy,enjoyment
propose,propos,propos,propos,propos
probable,probabl,probabl,prob,prob
endure,endur,endur,end,endur
lords,lord,lord,lord,lord
divide,divid,divid,divid,divid
occasionally,occasion,occasion,occas,occasionally
lesson,lesson,lesson,lesson,lesson
emotion,emot,emot,emot,emotion
score,score,score,scor,scor
uncertainty,uncertainti,uncertainti,uncertainty,uncertainty
heap,heap,heap,heap,heap
pink,pink,pink,pink,pink
stroke,stroke,stroke,stroke,strok
mood,mood,mood,mood,mood
tale,tale,tale,tal,tal
lifting,lift,lift,lift,lift
bible,bibl,bibl,bibl,bibl
edom,edom,edom,edom,edom
canst,canst,canst,canst,canst
coffin,coffin,coffin,coffin,coffin
corners,corner,corner,corn,corner
elijah,elijah,elijah,elijah,elijah
angle,angl,angl,angl,angl
jewish,jewish,jewish,jew,jewish
philadelphia,philadelphia,philadelphia,philadelph,philadelphia
emperor,emperor,emperor,emp,emperor
lewis,lewi,lewi,lew,lewi
sunset,sunset,sunset,sunset,sunset
vehicles,vehicl,vehicl,vehic,vehicle
writers,writer,writer,writ,writer
dramatic,dramat,dramat,dram,dramatic
refining,refin,refin,refin,refin
auto,auto,auto,auto,auto
liabilities,liabil,liabil,liabl,liabilitie
cassius,cassiu,cassius,cassi,cassiu
feare,fear,fear,fear,fear
reorganization,reorgan,reorgan,reorg,reorganization
terminal,termin,termin,termin,terminal
stabilise,stabilis,stabilis,stabl,stabilis
chiefly,chiefli,chiefli,chief,chiefly
composed,compos,compos,compos,composed
devoted,devot,devot,devot,devoted
possessed,possess,possess,possess,possessed
nonsense,nonsens,nonsens,nonsens,nonsens
lively,live,live,liv,lively
doubtful,doubt,doubt,doubt,doubtful
despair,despair,despair,despair,despair
assurance,assur,assur,ass,assuranc
attempted,attempt,attempt,attempt,attempted
altered,alter,alter,alt,altered
improving,improv,improv,improv,improv
exception,except,except,exceiv,exception
abode,abod,abod,abod,abod
beet,beet,beet,beet,beet
habit,habit,habit,habit,habit
cure,cure,cure,cur,cur
treasure,treasur,treasur,treas,treasur
career,career,career,car,career
distinguished,distinguish,distinguish,distinct,distinguished
warmth,warmth,warmth,warm,warmth
urge,urg,urg,urg,urg
painful,pain,pain,pain,painful
etc,etc,etc,etc,etc
messenger,messeng,messeng,messeng,messenger
silently,silent,silent,sil,silently
rushed,rush,rush,rush,rushed
knee,knee,knee,kne,kne
disappeared,disappear,disappear,disappear,disappeared
penny,penni,penni,penny,penny
shout,shout,shout,shout,shout
forsaken,forsaken,forsaken,forsak,forsaken
ups,up,up,up,ups
votes,vote,vote,vot,vote
loveit,loveit,loveit,loveit,loveit
cuba,cuba,cuba,cub,cuba
bass,bass,bass,bass,bas
location,locat,locat,loc,location
sweden,sweden,sweden,swed,sweden
stabilize,stabil,stabil,stabl,stabiliz
santos,santo,santo,santo,santo
eep,eep,eep,eep,eep
bride,bride,bride,brid,brid
nervous,nervou,nervous,nerv,nervou
favourable,favour,favour,favo,favour
secured,secur,secur,sec,secured
horror,horror,horror,hor,horror
coarse,coars,coars,coars,coars
distinct,distinct,distinct,distinct,distinct
evidently,evid,evid,evid,evidently
preparing,prepar,prepar,prep,prepar
natured,natur,natur,nat,natured
observation,observ,observ,observ,observation
corresponding,correspond,correspond,correspond,correspond
amendment,amend,amend,amend,amendment
eighth,eighth,eighth,eigh,eighth
shoot,shoot,shoot,shoot,shoot
exit,exit,exit,exit,exit
kinds,kind,kind,kind,kind
plate,plate,plate,plat,plat
shield,shield,shield,shield,shield
replace,replac,replac,replac,replac
oak,oak,oak,oak,oak
brake,brake,brake,brak,brak
thief,thief,thief,thief,thief
jehoshaphat,jehoshaphat,jehoshaphat,jehoshaph,jehoshaphat
policeman,policeman,policeman,policem,policeman
centuries,centuri,centuri,century,centurie
assumption,assumpt,assumpt,assum,assumption
tobacco,tobacco,tobacco,tobacco,tobacco
jersey,jersey,jersey,jersey,jersey
barriers,barrier,barrier,barry,barrier
michigan,michigan,michigan,michig,michigan
expanded,expand,expand,expand,expanded
moby,mobi,mobi,moby,moby
onto,onto,onto,onto,onto
tankers,tanker,tanker,tank,tanker
acquires,acquir,acquir,acquir,acquire
probability,probabl,probabl,prob,probability
approaching,approach,approach,approach,approach
parted,part,part,part,parted
sink,sink,sink,sink,sink
trusted,trust,trust,trust,trusted
accompanied,accompani,accompani,accompany,accompanied
unfortunate,unfortun,unfortun,unfortun,unfortunat
abruptly,abruptli,abrupt,abrupt,abruptly
remark,remark,remark,remark,remark
acknowledged,acknowledg,acknowledg,acknowledg,acknowledged
device,devic,devic,dev,devic
seized,seiz,seiz,seiz,seized
leaned,lean,lean,lean,leaned
despised,despis,despis,desp,despised
entry,entri,entri,entry,entry
hearkened,hearken,hearken,heark,hearkened
redeemed,redeem,redeem,redeem,redeemed
foe,foe,foe,foe,foe
linked,link,link,link,linked
float,float,float,flo,float
conventional,convent,convent,conv,conventional
fired,fire,fire,fir,fired
organizations,organ,organ,org,organization
managers,manag,manag,man,manager
zero,zero,zero,zero,zero
effectively,effect,effect,effect,effectively
expenditures,expenditur,expenditur,expendit,expenditure
reuter,reuter,reuter,reut,reuter
pesos,peso,peso,peso,peso
nominal,nomin,nomin,nomin,nominal
respectable,respect,respect,respect,respect
pains,pain,pain,pain,pain
gracious,graciou,gracious,gracy,graciou
intentions,intent,intent,int,intention
oppose,oppos,oppos,oppos,oppos
dependent,depend,depend,depend,dependent
ignorance,ignor,ignor,ign,ignoranc
sang,sang,sang,sang,sang
whoever,whoever,whoever,whoev,whoever
shaking,shake,shake,shak,shak
absolute,absolut,absolut,absolv,absolut
retirement,retir,retir,retir,retirement
deed,deed,deed,dee,deed
pulling,pull,pull,pul,pull
timber,timber,timber,timb,timber
column,column,column,column,column
meets,meet,meet,meet,meet
involving,involv,involv,involv,involv
tossed,toss,toss,toss,tossed
species,speci,speci,specy,specie
merchandise,merchandis,merchandis,merchand,merchandis
withdraw,withdraw,withdraw,withdraw,withdraw
brave,brave,brave,brav,brav
interim,interim,interim,interim,interim
weeping,weep,weep,weep,weep
slide,slide,slide,slid,slid
jackal,jackal,jackal,jack,jackal
challenge,challeng,challeng,challeng,challeng
typical,typic,typic,typ,typical
electrical,electr,electr,elect,electrical
circulation,circul,circul,circ,circulation
exeunt,exeunt,exeunt,exeunt,exeunt
intervened,interven,interven,interv,intervened
harpooneer,harpoon,harpoon,harpoon,harpooneer
invest,invest,invest,invest,invest
foster,foster,foster,fost,foster
looke,look,look,look,look
khrushchev,khrushchev,khrushchev,khrushchev,khrushchev
inventories,inventori,inventori,inv,inventorie
lock,lock,lock,lock,lock
constantly,constantli,constant,const,constantly
silly,silli,silli,sil,silly
pleasing,pleas,pleas,pleas,pleas
losing,lose,lose,los,los
basin,basin,basin,basin,basin
totally,total,total,tot,totally
describe,describ,describ,describ,describ
qualities,qualiti,qualiti,qual,qualitie
paused,paus,paus,paus,paused
disappointment,disappoint,disappoint,disappoint,disappointment
hastily,hastili,hastili,hasty,hastily
lawyer,lawyer,lawyer,lawy,lawyer
begged,beg,beg,beg,begged
lovers,lover,lover,lov,lover
caution,caution,caution,caut,caution
belonged,belong,belong,belong,belonged
cheap,cheap,cheap,cheap,cheap
chimney,chimney,chimney,chimney,chimney
pronounced,pronounc,pronounc,pronount,pronounced
partially,partial,partial,part,partially
beer,beer,beer,beer,beer
characteristic,characterist,characterist,charact,characteristic
mourning,mourn,mourn,mourn,mourn
requested,request,request,request,requested
vine,vine,vine,vin,vin
mothers,mother,mother,moth,mother
alleged,alleg,alleg,alleg,alleged
worried,worri,worri,worry,worried
eden,eden,eden,ed,eden
peleg,peleg,peleg,peleg,peleg
devour,devour,devour,devo,devour
beseech,beseech,beseech,beseech,beseech
wars,war,war,war,war
lebanon,lebanon,lebanon,lebanon,lebanon
mantle,mantl,mantl,mantl,mantl
shouting,shout,shout,shout,shout
halt,halt,halt,halt,halt
earthquake,earthquak,earthquak,earthquak,earthquak
driver,driver,driver,driv,driver
bildad,bildad,bildad,bildad,bildad
flames,flame,flame,flam,flame
unity,uniti,uniti,un,unity
blocks,block,block,block,block
dawn,dawn,dawn,dawn,dawn
chips,chip,chip,chip,chip
shipped,ship,ship,ship,shipped
subordinated,subordin,subordin,subordin,subordinated
soviets,soviet,soviet,soviet,soviet
calif,calif,calif,cal,calif
postings,post,post,post,posting
childhood,childhood,childhood,child,childhood
earnestly,earnestli,earnest,earnest,earnestly
quantity,quantiti,quantiti,quant,quantity
varied,vari,vari,vary,varied
cards,card,card,card,card
tribute,tribut,tribut,tribut,tribut
string,string,string,string,str
agrees,agre,agre,agr,agree
swept,swept,swept,swept,swept
heritage,heritag,heritag,herit,heritag
precise,precis,precis,prec,precis
worn,worn,worn,worn,worn
scenes,scene,scene,scen,scene
remainder,remaind,remaind,remaind,remainder
minor,minor,minor,min,minor
precision,precis,precis,precid,precision
shine,shine,shine,shin,shin
twentieth,twentieth,twentieth,twentie,twentieth
disposal,dispos,dispos,dispos,disposal
outer,outer,outer,out,outer
compass,compass,compass,compass,compas
lit,lit,lit,lit,lit
decrease,decreas,decreas,decreas,decreas
obligations,oblig,oblig,oblig,obligation
abomination,abomin,abomin,abomin,abomination
balances,balanc,balanc,bal,balance
wondrous,wondrou,wondrous,wondr,wondrou
immortal,immort,immort,immort,immortal
fun,fun,fun,fun,fun
continuous,continu,continu,continu,continuou
disaster,disast,disast,disast,disaster
swedish,swedish,swedish,swed,swedish
jet,jet,jet,jet,jet
awarded,award,award,award,awarded
thinke,think,think,think,think
sections,section,section,sect,section
asian,asian,asian,as,asian
broadcasting,broadcast,broadcast,broadcast,broadcast
clark,clark,clark,clark,clark
administrative,administr,administr,admin,administrativ
licences,licenc,licenc,lic,licence
grief,grief,grief,grief,grief
missed,miss,miss,miss,missed
solitary,solitari,solitari,solit,solitary
cake,cake,cake,cak,cak
abbey,abbey,abbey,abbey,abbey
ample,ampl,ampl,ampl,ampl
forming,form,form,form,form
expecting,expect,expect,expect,expect
indifference,indiffer,indiffer,indiff,indifferenc
error,error,error,er,error
strictly,strictli,strict,strictly,strictly
facing,face,face,fac,fac
rejoiced,rejoic,rejoic,rejo,rejoiced
concert,concert,concert,concert,concert
bosom,bosom,bosom,bosom,bosom
wright,wright,wright,wright,wright
worry,worri,worri,worry,worry
ranks,rank,rank,rank,rank
insisted,insist,insist,insist,insisted
defined,defin,defin,defin,defined
poem,poem,poem,poem,poem
usage,usag,usag,us,usag
shooting,shoot,shoot,shoot,shoot
replaced,replac,replac,replac,replaced
smart,smart,smart,smart,smart
landlady,landladi,landladi,landlady,landlady
loving,love,love,lov,lov
seasons,season,season,season,season
theme,theme,theme,them,them
steele,steel,steel,steel,steel
bidding,bid,bid,bid,bidd
roughly,roughli,rough,rough,roughly
bringeth,bringeth,bringeth,bringe,bringeth
majesty,majesti,majesti,majesty,majesty
shadows,shadow,shadow,shadow,shadow
baptized,baptiz,baptiz,bapt,baptized
progressive,progress,progress,progress,progressiv
certificate,certif,certif,cert,certificat
intensity,intens,intens,intens,intensity
educational,educ,educ,educ,educational
intense,intens,intens,intens,intens
intervene,interven,interven,interv,interven
antony,antoni,antoni,antony,antony
brokerage,brokerag,brokerag,brok,brokerag
vocational,vocat,vocat,voc,vocational
indonesian,indonesian,indonesian,indones,indonesian
semiconductors,semiconductor,semiconductor,semiconduc,semiconductor
amiable,amiabl,amiabl,amy,ami
quarrel,quarrel,quarrel,quarrel,quarrel
strengthened,strengthen,strengthen,strengthened,strengthened
acknowledge,acknowledg,acknowledg,acknowledg,acknowledg
distinction,distinct,distinct,distinct,distinction
elegant,eleg,eleg,eleg,elegant
ignorant,ignor,ignor,ign,ignorant
wondering,wonder,wonder,wond,wonder
lover,lover,lover,lov,lover
offended,offend,offend,offend,offended
hoping,hope,hope,hop,hop
hunting,hunt,hunt,hunt,hunt
bows,bow,bow,bow,bow
eligible,elig,elig,elig,eligibl
harp,harp,harp,harp,harp
debts,debt,debt,debt,debt
managing,manag,manag,man,manag
appreciation,appreci,appreci,apprecy,appreciation
fishing,fish,fish,fish,fish
margaret,margaret,margaret,margaret,margaret
puts,put,put,put,put
witnesses,wit,wit,wit,witnesse
wast,wast,wast,wast,wast
sware,sware,sware,swar,swar
rams,ram,ram,ram,ram
coasts,coast,coast,coast,coast
experiment,experi,experi,expery,experiment
ban,ban,ban,ban,ban
hotels,hotel,hotel,hotel,hotel
railway,railway,railway,railway,railway
tools,tool,tool,tool,tool
emotional,emot,emot,emot,emotional
turkish,turkish,turkish,turk,turkish
recognize,recogn,recogn,recogn,recogniz
jim,jim,jim,jim,jim
software,softwar,softwar,softw,softwar
wagner,wagner,wagner,wagn,wagner
dean,dean,dean,dean,dean
zone,zone,zone,zon,zon
northwest,northwest,northwest,northwest,northwest
cargoes,cargo,cargo,cargo,cargoe
faculty,faculti,faculti,facul,faculty
bankruptcy,bankruptci,bankruptci,bankruptcy,bankruptcy
heating,heat,heat,heat,heat
schedule,schedul,schedul,schedule,schedul
parker,parker,parker,park,parker
elections,elect,elect,elect,election
anode,anod,anod,anod,anod
affiliate,affili,affili,affy,affiliat
citicorp,citicorp,citicorp,citicorp,citicorp
prevailed,prevail,prevail,prevail,prevailed
outward,outward,outward,outward,outward
pushing,push,push,push,push
clearing,clear,clear,clear,clear
divisions,divis,divis,divid,division
repent,repent,repent,rep,repent
compare,compar,compar,comp,compar
likeness,like,like,lik,likenes
pressing,press,press,press,press
doubts,doubt,doubt,doubt,doubt
assistant,assist,assist,assist,assistant
player,player,player,play,player
nodded,nod,nod,nod,nodded
kindled,kindl,kindl,kindl,kindled
bend,bend,bend,bend,bend
glasses,glass,glass,glass,glasse
welfare,welfar,welfar,welf,welfar
achievement,achiev,achiev,achiev,achievement
ruin,ruin,ruin,ruin,ruin
badly,badli,bad,bad,badly
affecting,affect,affect,affect,affect
uppercross,uppercross,uppercross,uppercross,uppercros
naval,naval,naval,nav,naval
hollow,hollow,hollow,hollow,hollow
painting,paint,paint,paint,paint
pasture,pastur,pastur,past,pastur
identify,identifi,identifi,ident,identify
lightly,lightli,light,light,lightly
seal,seal,seal,seal,seal
reuben,reuben,reuben,reub,reuben
abominations,abomin,abomin,abomin,abomination
deadly,deadli,dead,dead,deadly
funny,funni,funni,funny,funny
pioneer,pioneer,pioneer,pion,pioneer
mineral,miner,miner,min,mineral
institution,institut,institut,institut,institution
massachusetts,massachusett,massachusett,massachuset,massachusett
concrete,concret,concret,concret,concret
ranged,rang,rang,rang,ranged
harpoon,harpoon,harpoon,harpoon,harpoon
fundamentals,fundament,fundament,funda,fundamental
pro,pro,pro,pro,pro
southwest,southwest,southwest,southwest,southwest
stanley,stanley,stanley,stanley,stanley
thai,thai,thai,tha,thai
bilateral,bilater,bilater,bil,bilateral
argentine,argentin,argentin,argentin,argentin
writedown,writedown,writedown,writedown,writedown
advantages,advantag,advantag,adv,advantage
melancholy,melancholi,melancholi,melancho,melancholy
fourteen,fourteen,fourteen,fourteen,fourteen
brilliant,brilliant,brilliant,bril,brilliant
deceived,deceiv,deceiv,deceiv,deceived
tendency,tendenc,tendenc,tend,tendency
rode,rode,rode,rod,rod
preached,preach,preach,preach,preached
examined,examin,examin,examin,examined
drain,drain,drain,drain,drain
miserable,miser,miser,mis,miser
rid,rid,rid,rid,rid
sails,sail,sail,sail,sail
fame,fame,fame,fam,fam
openly,openli,open,op,openly
instances,instanc,instanc,inst,instance
nearest,nearest,nearest,nearest,nearest
worshipped,worship,worship,worship,worshipped
bigger,bigger,bigger,big,bigger
herd,herd,herd,herd,herd
loins,loin,loin,loin,loin
eleazar,eleazar,eleazar,eleaz,eleazar
passover,passov,passov,passov,passover
backs,back,back,back,back
pine,pine,pine,pin,pin
levy,levi,levi,levy,levy
empire,empir,empir,empir,empir
enterprise,enterpris,enterpris,enterpr,enterpris
sailed,sail,sail,sail,sailed
factory,factori,factori,fact,factory
comrade,comrad,comrad,comrad,comrad
heroes,hero,hero,hero,heroe
trail,trail,trail,trail,trail
unique,uniqu,uniqu,un,uniqu
efficiency,effici,effici,efficy,efficiency
restaurant,restaur,restaur,resta,restaurant
version,version,version,vert,version
marquis,marqui,marqui,marqu,marqui
bursal,bursal,bursal,burs,bursal
phil,phil,phil,phil,phil
neutral,neutral,neutral,neut,neutral
rifle,rifl,rifl,rifl,rifl
expire,expir,expir,expir,expir
stressed,stress,stress,stressed,stressed
communism,commun,communism,commun,communism
livestock,livestock,livestock,livestock,livestock
surpluses,surplus,surplus,surplus,surpluse
airline,airlin,airlin,airlin,airlin
habits,habit,habit,habit,habit
attacked,attack,attack,attack,attacked
dirty,dirti,dirti,dirty,dirty
simplicity,simplic,simplic,simpl,simplicity
admired,admir,admir,admir,admired
humour,humour,humour,humo,humour
answering,answer,answer,answ,answer
prefer,prefer,prefer,pref,prefer
hitherto,hitherto,hitherto,hitherto,hitherto
answers,answer,answer,answ,answer
fix,fix,fix,fix,fix
allowance,allow,allow,allow,allowanc
justify,justifi,justifi,just,justify
throwing,throw,throw,throwing,throw
cautious,cautiou,cautious,cauty,cautiou
scarlet,scarlet,scarlet,scarlet,scarlet
campbell,campbel,campbel,campbel,campbell
interval,interv,interv,interv,interval
inevitable,inevit,inevit,inevit,inevit
backward,backward,backward,backward,backward
qualified,qualifi,qualifi,qual,qualified
subsequent,subsequ,subsequ,subsequ,subsequent
strict,strict,strict,strict,strict
treasures,treasur,treasur,treas,treasure
tie,tie,tie,tie,tie
beaten,beaten,beaten,beat,beaten
harville,harvil,harvill,harvil,harvill
paths,path,path,path,path
bind,bind,bind,bind,bind
smitten,smitten,smitten,smit,smitten
hunter,hunter,hunter,hunt,hunter
singers,singer,singer,sing,singer
selah,selah,selah,selah,selah
roar,roar,roar,roar,roar
turtle,turtl,turtl,turtl,turtl
disclose,disclos,disclos,disclos,disclos
elected,elect,elect,elect,elected
excitement,excit,excit,excit,excitement
decade,decad,decad,decad,decad
serves,serv,serv,serv,serve
sulphur,sulphur,sulphur,sulph,sulphur
stages,stage,stage,stag,stage
manufacturer,manufactur,manufactur,manufact,manufacturer
roberts,robert,robert,robert,robert
plastics,plastic,plastic,plast,plastic
unadjusted,unadjust,unadjust,unadjust,unadjusted
pricing,price,price,pric,pric
argentina,argentina,argentina,argentin,argentina
walks,walk,walk,walk,walk
riding,ride,ride,rid,rid
excited,excit,excit,excit,excited
offence,offenc,offenc,off,offenc
staying,stay,stay,stay,stay
wretched,wretch,wretch,wretch,wretched
questioned,question,question,quest,questioned
accused,accus,accus,accus,accused
maintaining,maintain,maintain,maintain,maintain
leads,lead,lead,lead,lead
wandering,wander,wander,wand,wander
rival,rival,rival,riv,rival
startled,startl,startl,startl,startled
broadly,broadli,broad,broad,broadly
wearing,wear,wear,wear,wear
creditors,creditor,creditor,credit,creditor
gad,gad,gad,gad,gad
counted,count,count,count,counted
farewell,farewel,farewel,farewel,farewell
shouldest,shouldest,shouldest,shouldest,shouldest
whereby,wherebi,wherebi,whereby,whereby
grapes,grape,grape,grap,grape
speaketh,speaketh,speaketh,speake,speaketh
dumb,dumb,dumb,dumb,dumb
taketh,taketh,taketh,take,taketh
pole,pole,pole,pol,pol
galilee,galile,galile,galil,galile
devices,devic,devic,dev,device
invisible,invis,invis,invis,invisibl
chin,chin,chin,chin,chin
artists,artist,artist,art,artist
organized,organ,organ,org,organized
award,award,award,award,award
fees,fee,fee,fee,fee
automobile,automobil,automobil,automobl,automobil
againe,again,again,again,again
metropolitan,metropolitan,metropolitan,metropolit,metropolitan
philippine,philippin,philippin,philippin,philippin
processes,process,process,process,processe
businessmen,businessmen,businessmen,businessm,businessmen
seasonal,season,season,season,seasonal
dumping,dump,dump,dump,dump
reynolds,reynold,reynold,reynold,reynold
viacom,viacom,viacom,viacom,viacom
wedding,wed,wed,wed,wedd
rational,ration,ration,rat,rational
smiles,smile,smile,smil,smile
interference,interfer,interfer,interf,interferenc
charm,charm,charm,charm,charm
filling,fill,fill,fil,fill
presents,present,present,pres,present
consequences,consequ,consequ,consequ,consequence
inadequate,inadequ,inadequ,inadequ,inadequat
butler,butler,butler,butl,butler
humanity,human,human,hum,humanity
crowded,crowd,crowd,crowd,crowded
advertising,advertis,advertis,advert,advertis
kellynch,kellynch,kellynch,kellynch,kellynch
leaf,leaf,leaf,leaf,leaf
lodge,lodg,lodg,lodg,lodg
mamma,mamma,mamma,mamm,mamma
hunt,hunt,hunt,hunt,hunt
scott,scott,scott,scot,scott
sarah,sarah,sarah,sarah,sarah
balanced,balanc,balanc,bal,balanced
jacket,jacket,jacket,jacket,jacket
founded,found,found,found,founded
confounded,confound,confound,confound,confounded
fowls,fowl,fowl,fowl,fowl
mysterious,mysteri,mysteri,mystery,mysteriou
rings,ring,ring,ring,ring
publication,public,public,publ,publication
hebron,hebron,hebron,hebron,hebron
amorites,amorit,amorit,amorit,amorite
afar,afar,afar,af,afar
levi,levi,levi,lev,levi
furthermore,furthermor,furthermor,furtherm,furthermor
mail,mail,mail,mail,mail
provinces,provinc,provinc,provint,province
media,media,media,med,media
anchor,anchor,anchor,anch,anchor
margery,margeri,margeri,margery,margery
monster,monster,monster,monst,monster
indicates,indic,indic,ind,indicate
holder,holder,holder,hold,holder
guarantee,guarante,guarante,guar,guarante
presidential,presidenti,presidenti,presid,presidential
bales,bale,bale,bal,bale
carl,carl,carl,carl,carl
favorable,favor,favor,fav,favor
pont,pont,pont,pont,pont
aug,aug,aug,aug,aug
fairchild,fairchild,fairchild,fairchild,fairchild
elder,elder,elder,eld,elder
objection,object,object,object,objection
belongs,belong,belong,belong,belong
colours,colour,colour,colo,colour
certainty,certainti,certainti,certainty,certainty
consequently,consequ,consequ,consequ,consequently
forgiven,forgiven,forgiven,forg,forgiven
slave,slave,slave,slav,slav
charity,chariti,chariti,char,charity
sunk,sunk,sunk,sunk,sunk
shared,share,share,shar,shared
whisper,whisper,whisper,whisp,whisper
publicly,publicli,public,publ,publicly
reductions,reduct,reduct,reduc,reduction
borders,border,border,bord,border
afflicted,afflict,afflict,afflict,afflicted
trained,train,train,train,trained
crossing,cross,cross,cross,cross
shaped,shape,shape,shap,shaped
recognition,recognit,recognit,recognit,recognition
theatre,theatr,theatr,the,theatr
inherit,inherit,inherit,inherit,inherit
swallowed,swallow,swallow,swallow,swallowed
prayers,prayer,prayer,pray,prayer
yoke,yoke,yoke,yok,yok
defiled,defil,defil,defil,defiled
arrows,arrow,arrow,arrow,arrow
alexander,alexand,alexand,alexand,alexander
magic,magic,magic,mag,magic
outcome,outcom,outcom,outcom,outcom
incident,incid,incid,incid,incident
contains,contain,contain,contain,contain
exposure,exposur,exposur,expos,exposur
poland,poland,poland,poland,poland
blanket,blanket,blanket,blanket,blanket
whalemen,whalemen,whalemen,whalem,whalemen
respond,respond,respond,respond,respond
drill,drill,drill,dril,drill
lincoln,lincoln,lincoln,lincoln,lincoln
interstate,interst,interst,interst,interstat
rep,rep,rep,rep,rep
exporting,export,export,export,export
inquiries,inquiri,inquiri,inquiry,inquirie
manage,manag,manag,man,manag
failing,fail,fail,fail,fail
deserve,deserv,deserv,deserv,deserv
eggs,egg,egg,eg,egg
advise,advis,advis,adv,advis
suspected,suspect,suspect,suspect,suspected
formation,format,format,form,formation
rude,rude,rude,rud,rud
arrive,arriv,arriv,ar,arriv
phrase,phrase,phrase,phrase,phras
tempted,tempt,tempt,tempt,tempted
hedge,hedg,hedg,hedg,hedg
accordingly,accordingli,accord,accord,accordingly
nurse,nurs,nurs,nurs,nurs
situations,situat,situat,situ,situation
sharing,share,share,shar,shar
unseen,unseen,unseen,unseen,unseen
washing,wash,wash,wash,wash
route,rout,rout,rout,rout
stuck,stuck,stuck,stuck,stuck
involve,involv,involv,involv,involv
sports,sport,sport,sport,sport
poultry,poultri,poultri,poultry,poultry
pope,pope,pope,pop,pop
consists,consist,consist,consist,consist
referred,refer,refer,refer,referred
sown,sown,sown,sown,sown
eagle,eagl,eagl,eagl,eagl
nest,nest,nest,nest,nest
refuge,refug,refug,refug,refug
tiger,tiger,tiger,tig,tiger
miller,miller,miller,mil,miller
practically,practic,practic,pract,practically
flexible,flexibl,flexibl,flex,flexibl
compete,compet,compet,compet,compet
cooperate,cooper,cooper,coop,cooperat
exchequer,exchequ,exchequ,exchequ,exchequer
algeria,algeria,algeria,alger,algeria
cyacq,cyacq,cyacq,cyacq,cyacq
amc,amc,amc,amc,amc
constitution,constitut,constitut,constitut,constitution
dependence,depend,depend,depend,dependenc
loves,love,love,lov,love
visits,visit,visit,visit,visit
regularly,regularli,regular,regul,regularly
personally,person,person,person,personally
visiting,visit,visit,visit,visit
produces,produc,produc,produc,produce
doings,do,do,doing,doing
eldest,eldest,eldest,eldest,eldest
minded,mind,mind,mind,minded
obedience,obedi,obedi,obedy,obedienc
masters,master,master,mast,master
instruction,instruct,instruct,instruct,instruction
poison,poison,poison,poison,poison
acted,act,act,act,acted
guilt,guilt,guilt,guilt,guilt
knocked,knock,knock,knock,knocked
players,player,player,play,player
saving,save,save,sav,sav
advancing,advanc,advanc,adv,advanc
improvements,improv,improv,improv,improvement
benwick,benwick,benwick,benwick,benwick
boots,boot,boot,boot,boot
orchestra,orchestra,orchestra,orchestr,orchestra
repair,repair,repair,repair,repair
extending,extend,extend,extend,extend
repaired,repair,repair,repair,repaired
circuit,circuit,circuit,circuit,circuit
asses,ass,ass,ass,asse
sworn,sworn,sworn,sworn,sworn
consume,consum,consum,consum,consum
sanctify,sanctifi,sanctifi,sanct,sanctify
shoe,shoe,shoe,sho,sho
builders,builder,builder,build,builder
wee,wee,wee,wee,wee
crash,crash,crash,crash,crash
belt,belt,belt,belt,belt
collapse,collaps,collaps,collaps,collaps
annually,annual,annual,an,annually
farms,farm,farm,farm,farm
widespread,widespread,widespread,widespread,widespread
initially,initi,initi,init,initially
specialty,specialti,specialti,special,specialty
technologies,technolog,technolog,technolog,technologie
differentials,differenti,differenti,diff,differential
sixteen,sixteen,sixteen,sixteen,sixteen
missing,miss,miss,miss,miss
separation,separ,separ,sep,separation
seeming,seem,seem,seem,seem
welcomed,welcom,welcom,welcom,welcomed
deficiency,defici,defici,deficy,deficiency
feature,featur,featur,feat,featur
conceal,conceal,conceal,cont,conceal
declaration,declar,declar,decl,declaration
promising,promis,promis,prom,promis
permission,permiss,permiss,permit,permission
errors,error,error,er,error
envy,envi,envi,envy,envy
dining,dine,dine,din,din
successfully,success,success,success,successfully
hired,hire,hire,hir,hired
succeed,succeed,succeed,success,succeed
tidings,tide,tide,tid,tiding
feeding,feed,feed,fee,feed
culture,cultur,cultur,cult,cultur
engage,engag,engag,eng,engag
perpetual,perpetu,perpetu,perpet,perpetual
ninth,ninth,ninth,nin,ninth
laying,lay,lay,lay,lay
keen,keen,keen,keen,keen
strip,strip,strip,strip,strip
switch,switch,switch,switch,switch
poets,poet,poet,poet,poet
hammer,hammer,hammer,ham,hammer
sank,sank,sank,sank,sank
joys,joy,joy,joy,joy
novel,novel,novel,novel,novel
monstrous,monstrou,monstrous,monst,monstrou
fir,fir,fir,fir,fir
kiss,kiss,kiss,kiss,kis
horsemen,horsemen,horsemen,horsem,horsemen
namely,name,name,nam,namely
swim,swim,swim,swim,swim
eased,eas,eas,eas,eased
flash,flash,flash,flash,flash
damned,damn,damn,damn,damned
parallel,parallel,parallel,parallel,parallel
coin,coin,coin,coin,coin
exists,exist,exist,ex,exist
shores,shore,shore,shor,shore
involves,involv,involv,involv,involve
super,super,super,sup,super
code,code,code,cod,cod
harbor,harbor,harbor,harb,harbor
loading,load,load,load,load
experiments,experi,experi,expery,experiment
contemporary,contemporari,contemporari,contemp,contemporary
colors,color,color,col,color
dow,dow,dow,dow,dow
phone,phone,phone,phon,phon
southeast,southeast,southeast,southeast,southeast
residential,residenti,residenti,resid,residential
portland,portland,portland,portland,portland
belgium,belgium,belgium,belg,belgium
shortfall,shortfal,shortfal,shortfal,shortfall
enhancement,enhanc,enhanc,enh,enhancement
ems,em,em,em,ems
shaken,shaken,shaken,shak,shaken
inclination,inclin,inclin,inclin,inclination
visitors,visitor,visitor,visit,visitor
apple,appl,appl,appl,appl
games,game,game,gam,game
puzzled,puzzl,puzzl,puzzl,puzzled
possibilities,possibl,possibl,poss,possibilitie
declares,declar,declar,decl,declare
ensure,ensur,ensur,ens,ensur
pursuit,pursuit,pursuit,pursuit,pursuit
forbid,forbid,forbid,forbid,forbid
sympathy,sympathi,sympathi,sympathy,sympathy
doubted,doubt,doubt,doubt,doubted
ireland,ireland,ireland,ireland,ireland
inevitably,inevit,inevit,inevit,inevitably
random,random,random,random,random
coloured,colour,colour,colo,coloured
olive,oliv,oliv,ol,oliv
beds,bed,bed,bed,bed
rows,row,row,row,row
stirred,stir,stir,stir,stirred
knock,knock,knock,knock,knock
protected,protect,protect,protect,protected
contempt,contempt,contempt,contempt,contempt
preceding,preced,preced,prec,preced
obeyed,obey,obey,obey,obeyed
mouths,mouth,mouth,mouth,mouth
abandoned,abandon,abandon,abandon,abandoned
eastward,eastward,eastward,eastward,eastward
bethel,bethel,bethel,bethel,bethel
damascus,damascu,damascus,damasc,damascu
ishmael,ishmael,ishmael,ishmael,ishmael
thereon,thereon,thereon,thereon,thereon
mingled,mingl,mingl,mingl,mingled
cedar,cedar,cedar,ced,cedar
scribes,scribe,scribe,scribes,scribe
conversion,convers,convers,convert,conversion
elephant,eleph,eleph,eleph,elephant
tremendous,tremend,tremend,tremend,tremendou
simultaneously,simultan,simultan,simult,simultaneously
concentrate,concentr,concentr,cont,concentrat
mobile,mobil,mobil,mobl,mobil
dictionary,dictionari,dictionari,dict,dictionary
fishery,fisheri,fisheri,fishery,fishery
rio,rio,rio,rio,rio
macbeth,macbeth,macbeth,macbe,macbeth
aide,aid,aid,aid,aid
coconut,coconut,coconut,coconut,coconut
fob,fob,fob,fob,fob
approvals,approv,approv,approv,approval
ibc,ibc,ibc,ibc,ibc
bye,bye,bye,bye,bye
happily,happili,happili,happy,happily
amusement,amus,amus,amus,amusement
talent,talent,talent,tal,talent
fashioned,fashion,fashion,fash,fashioned
dislike,dislik,dislik,dislik,dislik
praised,prais,prais,pra,praised
pencil,pencil,pencil,pencil,pencil
placing,place,place,plac,plac
depended,depend,depend,depend,depended
directions,direct,direct,direct,direction
definition,definit,definit,definit,definition
voluntary,voluntari,voluntari,volunt,voluntary
prudent,prudent,prudent,prud,prudent
cole,cole,cole,col,col
suggestion,suggest,suggest,suggest,suggestion
stir,stir,stir,stir,stir
fewer,fewer,fewer,few,fewer
guest,guest,guest,guest,guest
examination,examin,examin,examin,examination
dared,dare,dare,dar,dared
alter,alter,alter,alt,alter
tongues,tongu,tongu,tongu,tongue
repeat,repeat,repeat,rep,repeat
quit,quit,quit,quit,quit
concentrated,concentr,concentr,cont,concentrated
fellows,fellow,fellow,fellow,fellow
weaker,weaker,weaker,weak,weaker
twilight,twilight,twilight,twilight,twilight
curve,curv,curv,curv,curv
climate,climat,climat,clim,climat
lowering,lower,lower,low,lower
